,instant,season,yr,mnth,holiday,weekday,workingday,weathersit,temp,atemp,hum,windspeed,casual,registered,cnt
0,1,4,0,1,1,1,0,2,-0.7787810012884168,-0.6320823060570444,1.2327343972282183,-0.39148474276216977,-0.7718401186717628,654,985
1,2,4,0,1,0,2,1,2,-0.674239828879329,-0.6917553181164551,0.46932374603554466,0.7316654371802779,-1.1558568878977777,670,801
2,3,4,0,1,0,3,1,1,-1.5807044250847098,-1.6928005408273887,-1.3316851557754308,0.7297617928074944,-1.1769778102052084,1229,1349
3,4,4,0,1,0,4,1,1,-1.560854835386782,-1.5539694515463105,-0.26625060064691314,-0.39338838713495355,-1.2000188163587695,1454,1562
4,5,4,0,1,0,5,1,1,-1.4139678716221142,-1.450455042871822,-1.3337728786136964,-0.05453968877943548,-1.2499409963581514,1518,1600
5,6,4,0,1,0,6,0,1,-1.5370353277492679,-1.4260987114190014,-0.7679999894435566,-1.2957158198344796,-1.238420493281371,1518,1606
6,7,4,0,1,0,7,0,2,-1.579381119104848,-1.574672333281208,-0.9043978815436151,-0.2867843022590601,-1.1232154625135664,1362,1510
7,8,4,0,1,0,1,1,2,-1.751410896486891,-1.8584235947065701,-0.6462161572113616,0.9658136950326865,-1.2768221702039724,891,959
8,9,4,0,1,0,2,1,1,-1.8956512482918348,-2.138521406414009,-1.3532582917708478,2.1784351604959737,-1.3037033440497934,768,822
9,10,4,0,1,0,3,1,1,-1.8281626433188796,-1.9278391393471093,-1.0143512843589682,0.4099495381798144,-1.3286644340494844,1280,1321
10,11,4,0,1,0,4,1,2,-1.7289146948292393,-1.6806223751009783,0.40182070759827093,-0.880721346567609,-1.3248242663572243,1220,1263
11,12,4,0,1,0,5,1,1,-1.709065105131311,-1.8693839438603395,-0.20292300788617149,1.4474357213469906,-1.3593857755875656,1137,1162
12,13,4,0,1,0,6,0,1,-1.751410896486891,-1.9278391393471093,-1.1013397359533932,1.4017482564001795,-1.3344246855878745,1368,1406
13,14,4,0,1,0,7,0,1,-1.772583792164681,-1.698889623690594,-0.6322980049562534,-0.8236120153840946,-1.3037033440497934,1367,1421
14,15,4,0,1,1,1,0,2,-1.3795619161457056,-1.3347624684709234,-0.9037019739308593,-0.4238466970994945,-0.981129257899941,1026,1248
15,16,4,0,1,0,2,1,1,-1.3888250580047388,-1.4200096285557962,-1.0080881158441692,-0.03359960067881333,-0.9254468263621688,953,1204
16,17,4,0,1,0,3,1,2,-1.6918621273931067,-1.7695229849037741,-0.6343857277945196,0.036835241114187484,-1.1827380617435987,883,1000
17,18,4,0,1,0,4,1,2,-1.4708700287561745,-1.4309699777095657,1.6217467527584872,-0.5666200250582802,-1.3901071171256467,674,683
18,19,4,0,1,0,5,1,2,-1.060645174998995,-1.0290905087380229,0.7866576174520072,0.2195851009014334,-1.2576213317426717,1572,1650
19,20,4,0,1,0,6,0,2,-1.2260584224817286,-1.293356705001128,-0.6288184668924766,0.061582617960377166,-1.2480209125120212,1844,1927
20,21,4,0,1,0,7,0,1,-1.6825989855340735,-1.8852155593046727,-1.1938954484498612,2.0680237868745133,-1.2633815832810618,1468,1543
21,22,4,0,1,0,1,1,1,-2.325725691746942,-2.365035288925242,-1.5912586953331946,-0.24490412605781647,-1.2288200740507205,888,981
22,23,4,0,1,0,2,1,1,-2.1219365708482143,-2.244471448233779,-1.3372524166774737,0.7069180603340885,-1.1193752948213063,836,986
23,24,4,0,1,0,3,1,1,-2.1179666529086285,-2.1275610572602393,-0.9531114144364927,-0.4181357639811432,-1.242260660973631,1330,1416
24,25,4,0,1,0,4,1,2,-1.4338174613200423,-1.417573995410514,-0.08113917565397649,-0.7817318391828509,-1.0502522763606237,1799,1985
25,26,4,0,1,0,5,1,3,-1.465576804836727,-1.606335564169875,1.6273140136605302,1.3103733265065567,-1.3421050209723948,472,506
26,27,4,0,1,0,6,0,1,-1.587320954984019,-1.508910238358592,0.4094756913385803,-0.9854217870707185,-1.3785866140488663,416,431
27,28,4,0,1,0,7,0,2,-1.5423285516687155,-1.4857717234784122,1.1436582227955272,-0.8654921915853385,-1.3344246855878745,1129,1167
28,29,4,0,1,0,1,1,1,-1.579381119104848,-1.5539694515463105,0.16034076597214722,-0.5837528244133345,-1.1712175586668183,975,1098
29,30,4,0,1,0,2,1,1,-1.4708700287561745,-1.3213664861718721,0.650955632964704,-1.4936948346039958,-1.138576133282607,956,1096
30,31,4,0,1,0,3,1,2,-1.6653960077958694,-1.7122856059896454,-0.1729989805376893,-0.05073240003386793,-1.3267443502033542,1459,1501
31,32,4,0,2,0,4,1,2,-1.6032006267423617,-1.417573995410514,1.3983604090640032,-1.7583014024209453,-1.317143930972704,1313,1360
32,33,4,0,2,0,5,1,2,-1.2353215643407618,-1.2970101547190511,1.0211784829505772,0.9334517406953622,-1.269141834819452,1454,1526
33,34,4,0,2,0,6,0,1,-1.630990052319461,-1.763433902040569,-1.3282056177116535,1.1047797342459047,-1.290262757126883,1489,1550
34,35,4,0,2,0,7,0,2,-1.4999827603131357,-1.4541084925897454,-0.30243779651019365,-0.8064792160290403,-1.238420493281371,1620,1708
35,36,4,0,2,0,1,1,2,-1.3795619161457056,-1.3664256993595905,2.091484391368382,-0.3838701652710347,-1.21537948712781,905,1005
36,37,4,0,2,0,2,1,1,-1.0950511304754036,-1.0704962722078182,-0.4200461830658566,-0.6294402893601461,-0.7276781902107712,1269,1623
37,38,4,0,2,0,3,1,1,-1.1718028773073919,-0.9974272778493559,0.7629967586183234,-1.8591945541784871,-1.1769778102052084,1592,1712
38,39,4,0,2,0,4,1,1,-1.4483738270985227,-1.639216611631183,-0.6316020973434981,2.1784351604959737,-1.2845025055884927,1466,1530
39,40,4,0,2,0,5,1,2,-1.9141775320099008,-1.9680270862442633,-0.9315382784410757,-0.029792311933245795,-1.3056234278959236,1552,1605
40,41,4,0,2,0,6,0,1,-1.862568598795288,-1.9351460387829553,-1.3309892481626748,0.3928167388247598,-1.317143930972704,1491,1538
41,42,4,0,2,0,7,0,1,-1.6204036044805659,-1.5454447355378231,-0.850812995361449,-1.0539529844909357,-1.1212953786674364,1597,1746
42,43,4,0,2,0,1,1,1,-1.43911068523949,-1.4273165279916424,-0.5877599177399078,0.15676483659956766,-0.854403724055356,1184,1472
43,44,4,0,2,0,2,1,1,-0.928314577012808,-0.8719921708673288,-1.1918077256115949,0.8896679201213344,-0.645114584827178,1192,1589
44,45,4,0,2,0,3,1,1,-0.39369896114861264,-0.42018222241750347,-1.7596683376200015,2.8923018002899026,-1.008010431745762,1705,1913
45,46,4,0,2,0,4,1,1,-1.202238914844215,-1.2982279712916922,-2.1876515194645725,1.2780113721692314,-1.138576133282607,1675,1815
46,47,4,0,2,0,5,1,1,-0.9190514351537749,-0.9207048337729704,-1.4277204063356757,0.7735456133815222,-0.9888095932844613,1897,2115
47,48,4,0,2,0,6,0,1,-0.28121795286035356,-0.23629191994870688,-0.8605557019400247,0.4975171793278695,-0.9100861555931282,2216,2475
48,49,4,0,2,0,7,0,1,0.18458575205102457,0.2715375908426063,-0.7791345112476428,0.9410663181864972,-0.2956593248315045,2348,2927
49,50,4,0,2,1,1,0,1,-0.479713849839634,-0.46280580245993996,-3.067278741987398,4.034488423960188,-0.38590326559961796,1103,1635
50,51,4,0,2,0,2,1,1,-1.0990210484149892,-1.156961248865332,-1.5369779015382734,0.4099495381798144,-0.18045429406370003,1173,1812
51,52,4,0,2,0,3,1,2,-0.999773099925349,-1.1167733019681778,-0.16464808918462467,1.4893158975482343,-1.032971521745453,912,1107
52,53,4,0,2,0,4,1,1,-1.6574561719166985,-1.7135034225622863,-0.3539349598540934,0.05777532921480929,-1.265301667127192,1376,1450
53,54,4,0,2,0,5,1,1,-1.4430806031790753,-1.349376267342616,-1.431199944399453,-1.2367028442781816,-1.1404962171287372,1778,1917
54,55,4,0,2,0,6,0,2,-1.042118891280929,-1.0851100710795105,0.47837054500136456,0.7564128140264679,-1.21537948712781,1707,1807
55,56,4,0,2,0,7,0,2,-0.6689466049598816,-0.712458199851353,0.5813648716891641,1.9823597900992411,-1.1769778102052084,1341,1461
56,57,4,0,2,0,1,1,1,-1.1135774141934698,-1.1277336511219471,-0.6316020973434981,-0.058346977525003015,-0.5932723209816659,1545,1969
57,58,4,0,2,0,2,1,1,-0.7827509192280023,-0.7075869335607888,0.3572826203819253,-0.8407448147391489,-0.07484968252654593,1708,2402
58,59,4,0,2,0,3,1,2,-0.43604475250419256,-0.4092218732637341,1.724045171833531,1.2570712840686098,-1.2518610802042813,1365,1446
59,60,4,0,3,0,4,1,1,-1.1995923028844913,-1.2397727758049226,-0.6517834181134047,0.32238189703175896,-1.1443363848209973,1714,1851
60,61,4,0,3,0,5,1,1,-0.8277433225433058,-0.8975663188927907,-1.2460885194065163,1.4874122531754508,-0.9638485032847703,1903,2134
61,62,4,0,3,0,6,0,1,-1.5701179772458147,-1.6270384459047726,-2.1598152149543566,0.44231149251713914,-1.1712175586668183,1562,1685
62,63,4,0,3,0,7,0,2,-1.2260584224817286,-1.289703255283205,-0.12706907809583315,0.15486119222678355,-0.9964899286689816,1730,1944
63,64,4,0,3,0,1,1,2,-0.5617588205910701,-0.5395282465363253,1.1172137335108223,0.7754492577543056,-0.17853421021756993,1437,2077
64,65,4,0,3,0,2,1,2,-0.6027813059667881,-0.616250690612711,2.2244027454046633,1.9404796138979974,-1.188498313281989,491,605
65,66,4,0,3,0,3,1,1,-1.2260584224817286,-1.3944354805303343,-0.5383504772342743,1.9157322370518082,-0.9388874132850793,1628,1872
66,67,4,0,3,0,4,1,1,-1.059321869019133,-1.004734177285202,-1.4465099118800715,-0.899757790295447,-0.800641376363714,1817,2133
67,68,4,0,3,0,5,1,2,-1.0407955853010669,-1.1009416865238442,1.0211784829505772,0.3699730063513542,-1.0406518571299732,1700,1891
68,69,4,0,3,0,6,0,3,-0.5352927009938327,-0.49812248306652995,-4.3748891463547945,0.9029934307308212,-1.319064014818834,577,623
69,70,4,0,3,0,7,0,2,-0.928314577012808,-0.9889025618408686,0.1457267061042833,0.5336864224107618,-0.9331271617466891,1730,1977
70,71,4,0,3,0,1,1,1,-0.8595026660599908,-0.8622496382862007,-0.23702248091118622,0.3775875838424893,-0.017247167142643714,1408,2132
71,72,4,0,3,0,2,1,1,-0.5604355146112082,-0.5322213471004792,-0.7046723966828149,1.0134048043522819,0.47813446515891544,1435,2417
72,73,4,0,3,0,3,1,1,-0.8819988677176426,-0.8244973245343282,-0.9162283109604564,-0.6922605536620118,-0.7180777709801208,1687,2046
73,74,4,0,3,0,4,1,2,-0.9243446590732224,-0.90852666804656,0.18817707048236262,-0.08690164311676023,-0.852483640209226,1767,2056
74,75,4,0,3,0,5,1,2,-0.6649766870202958,-0.6113794243221465,1.0288334666908867,0.1529575478539998,-0.7910409571330637,1871,2192
75,76,4,0,3,0,6,0,1,-0.39369896114861264,-0.3471132280590414,-0.17926214905248813,0.23481425588370355,-0.5932723209816659,2320,2744
76,77,4,0,3,0,7,0,1,0.2838337005406648,0.3628738337906842,-0.7199823641634336,0.5089390455645725,0.28996624823816813,2355,3239
77,78,4,0,3,0,1,1,1,-0.08272205588107308,-0.004906771146909768,-1.7360074787863178,2.258388224152894,1.3268115251484083,1693,3117
78,79,4,0,3,0,2,1,1,-0.8422996883217864,-0.8622496382862007,-1.0776788771197092,0.21197052341029798,0.6029399151573702,1424,2471
79,80,1,0,3,0,3,1,2,-0.310330684417315,-0.35076667777696463,0.7567335901035246,1.245649417831907,-0.6374342494426577,1676,2077
80,81,1,0,3,0,4,1,1,-0.24945860934366887,-0.1632229255902444,-0.028250197084566227,0.44231149251713914,-0.5241493025209834,2243,2703
81,82,1,0,3,0,5,1,2,-0.7629013295300742,-0.7879628273550974,1.4679511703395434,0.5508192217658161,-1.0176108509764124,1918,2121
82,83,1,0,3,0,6,0,2,-1.100344354394851,-1.1971491957624862,1.2327343972282183,0.6707488172511958,-1.0886539532832251,1699,1865
83,84,1,0,3,0,7,0,1,-1.21282536268311,-1.284831988992641,-0.9301464632155647,0.5051317568190049,-0.8313627179017952,1910,2210
84,85,1,0,3,0,1,1,1,-1.2035622208240768,-1.2775250895567947,-1.6316213368730077,0.23481425588370355,0.4762143813127854,1515,2496
85,86,1,0,3,0,2,1,2,-1.273697437756756,-1.3213664861718721,-0.9378014469558741,-0.08690164311676023,-0.5011082963674224,1221,1693
86,87,1,0,3,0,3,1,1,-1.2115020567032482,-1.2775250895567947,-2.271856340607976,0.26907985459381245,-0.981129257899941,1806,2028
87,88,1,0,3,0,4,1,1,-1.0050663238447963,-1.0619715561993308,-2.1883474270773275,0.45754064749940965,-0.798721292517584,2108,2425
88,89,1,0,3,0,5,1,2,-1.018299383643415,-1.035179591601228,0.12554538533437723,-0.2334822598211135,-1.084813785590965,1368,1536
89,90,1,0,3,0,6,0,3,-1.1903291610254583,-1.2775250895567947,2.015630461578043,0.33761105201402947,-1.063692863283534,1506,1685
90,91,1,0,4,0,7,0,2,-1.018299383643415,-1.1204267516861008,0.4004288923727604,0.8611132545295769,-0.8179221309788847,1920,2227
91,92,1,0,4,0,1,1,2,-0.9362544128919792,-0.9243582834908937,0.17495482584001018,0.07681177294264765,0.3168474220839892,1354,2252
92,93,1,0,4,0,2,1,1,-0.5935181641077549,-0.5395282465363253,-1.0345326051288746,-0.11355266433573334,1.7626705582199351,1598,3249
93,94,1,0,4,0,3,1,1,0.4651266197817411,0.46029915960196693,-1.40893090079128,2.4792109713958155,0.0019536713186570297,2381,3115
94,95,1,0,4,0,4,1,2,-0.39899218506806,-0.42018222241750347,0.09353363514762827,2.5115729257331405,-1.086733869437095,1628,1795
95,96,1,0,4,0,5,1,1,-0.5260295591347997,-0.48594431734011984,-1.0985561055023716,0.9182225857130913,-0.6143932432890968,2395,2808
96,97,1,0,4,0,6,0,1,-0.2719548110013204,-0.20584650563268092,-0.17926214905248813,-0.36864101028876417,-0.31101999560054505,2570,3141
97,98,1,0,4,0,7,0,2,-0.8237734046037203,-0.870774354294688,1.4442903115058605,0.45754064749940965,-1.0771334502064447,1299,1471
98,99,1,0,4,0,1,1,2,-0.7880441431474499,-0.7660421290475588,1.7317001555738403,-0.739851662981607,0.2803658290075178,1576,2455
99,100,1,0,4,0,2,1,2,-0.33150358009510494,-0.24725226910247622,1.5925186330227603,-0.5666200250582802,0.8736717374617107,1707,2895
100,101,1,0,4,0,3,1,2,0.5855474639491712,0.5954767991651225,0.6147684371014235,1.700620422927237,0.234283816700396,2493,3348
101,102,1,0,4,0,4,1,2,0.08004457964193697,0.15584501644170734,0.7692599271331222,1.0686104911630128,-0.9139263232853884,1777,2034
102,103,1,0,4,0,5,1,2,-0.40825532692709315,-0.30570746458924614,1.3259860173374423,0.7583164583992513,-1.006090347899632,1953,2162
103,104,1,0,4,0,6,0,1,-0.10918817547831038,-0.028045286027089222,-0.6142044070246131,-1.0253983188991784,-0.3916635171380082,2738,3267
104,105,1,0,4,0,7,0,1,-0.22299248974643157,-0.15469820958175712,0.29604275045945044,0.4499260700082742,-0.1746940425253098,2484,3126
105,106,1,0,4,1,1,0,3,-0.3090073784374529,-0.25577698511096353,1.8068581777514234,1.9081176595606724,-1.1750577263590785,674,795
106,107,1,0,4,0,2,1,1,-0.1687369445720949,-0.13277751127421844,-1.0373162355798962,1.4322065663647199,1.5841027605298381,2186,3744
107,108,1,0,4,0,3,1,1,0.13430012481627365,0.21795366164640048,-0.5995903471567496,-0.3515082109337096,-0.1228517786797978,2760,3429
108,109,1,0,4,0,4,1,2,0.09857086336000274,0.13270650156152788,0.25846373937065836,-0.4238466970994945,-0.6220735786736171,2795,3204
109,110,1,0,4,0,5,1,1,0.5829008519894471,0.5906055328745581,-0.10062458881112776,0.6479050847777906,-0.23037647406308195,3331,3944
110,111,1,0,4,0,6,0,1,-0.1541805787936144,-0.08284703179593586,-1.5418492548275613,1.7101386447911564,0.023074593626087846,3444,4189
111,112,1,0,4,0,7,0,2,-0.8198034866641346,-0.8853881531663802,0.7024527963086032,0.3623584288602192,-1.0675330309757942,1506,1683
112,113,1,0,4,0,1,1,2,-0.15021066085402865,-0.10476773010347452,1.8040745473004023,0.5051317568190049,1.399774711301351,2574,4036
113,114,1,0,4,0,2,1,2,0.5101190230970446,0.5138830887981728,1.2675297778659884,0.013991508640781915,1.8759555051416095,2481,4191
114,115,1,0,4,0,3,1,1,0.6450962330429553,0.65149636150661,1.0302252819163973,-0.0735761325072735,0.07683694131772992,3300,4073
115,116,1,0,4,0,4,1,1,0.7813967489687276,0.7708423856254318,0.6996691658575822,1.7272714441462105,-0.10557102406462712,3722,4400
116,117,1,0,4,0,5,1,2,0.7178780619353582,0.6563676277971745,1.4387230506038173,1.5445215843589652,-0.35710200790766683,3325,3872
117,118,1,0,4,0,6,0,2,0.7046450021367393,0.6795061426773539,0.5020314038350484,1.654932957980426,-0.3148601632928052,3489,4058
118,119,1,0,4,0,7,0,1,0.12106706501765475,0.18263698103981046,-1.1938954484498612,0.6231577079316006,0.2784457451613877,3717,4595
119,120,1,0,4,0,1,1,1,-0.08272205588107308,-0.020738386591243146,-0.8723861313568666,0.5603374436297353,2.3655768859047788,3347,5312
120,121,1,0,5,0,2,1,2,-0.1952030641693322,-0.11694589582988507,0.9286227704541082,-1.080604005709909,0.777667545155207,2213,3351
121,122,1,0,5,0,3,1,2,0.3341193277754157,0.3981905143972742,0.7052364267596253,-0.09832350935346318,0.21892314593135542,3554,4401
122,123,1,0,5,0,4,1,2,0.699351778217292,0.6977733912669698,0.47628282216309825,1.9328650364068625,-0.2495773125243827,3848,4451
123,124,1,0,5,0,5,1,2,-0.39899218506806,-0.3824299086656314,0.7546458672652583,1.7577297541107515,-0.9177664909776485,2378,2633
124,125,1,0,5,0,6,0,1,-0.1541805787936144,-0.15469820958175712,-1.2836675304953078,1.3294097702343943,-0.22845639021695188,3819,4433
125,126,1,0,5,0,7,0,1,-0.045669488444941043,0.04137025861345,-0.2690342310979347,0.4727698024816798,0.3091670866994689,3714,4608
126,127,1,0,5,0,1,1,1,0.17532261019199144,0.2751910405605292,-0.60863714612257,-0.39148474276216977,1.6877872882208622,3102,4714
127,128,1,0,5,0,2,1,1,0.220315013507295,0.3141611708850424,0.02115924342106723,-1.4860802571128604,1.2826495966874165,2932,4333
128,129,1,0,5,0,3,1,1,0.24281121516494653,0.35191348463691485,-0.27738512245099933,-0.1935057279926537,-0.13245219791044816,3698,4362
129,130,1,0,5,0,4,1,1,0.24281121516494653,0.3372996857652223,-0.9705091047553778,-0.9625780545973127,-0.07484968252654593,4109,4803
130,131,1,0,5,0,5,1,1,0.2970667603392832,0.37139854979917153,0.029510134774131853,-0.899757790295447,-0.3513417563692766,3632,4182
131,132,1,0,5,0,6,0,1,0.2573675809434275,0.34095313548314554,0.8270202589918203,-0.01837044569654284,-0.07292959868041586,4169,4864
132,133,1,0,5,0,7,0,2,0.13430012481627365,0.16436973245019465,1.6328812745625734,-0.14591461867305844,-0.07868985021880609,3413,4105
133,134,1,0,5,0,1,1,2,0.1792925281315772,0.2021220462020671,2.04485858131377,-0.7170079305082014,0.3245277574685095,2507,3409
134,135,1,0,5,0,2,1,2,0.40557785068795654,0.41767557955953083,1.6593257638472783,-0.4866669614013603,1.6301847728369598,2971,4553
135,136,1,0,5,0,3,1,1,0.4876228214393926,0.5065761893623267,1.1081669345450023,-0.819804726638527,0.07683694131772992,3185,3958
136,137,1,0,5,0,4,1,2,0.40160793274837125,0.43350719500386425,1.4561207409227024,1.0990688011275531,-0.10557102406462712,3445,4123
137,138,1,0,5,0,5,1,2,0.3380892457150015,0.364091650363325,1.6795070846171853,0.13201745975337797,-0.3782229302150977,3319,3855
138,139,1,0,5,0,6,0,2,0.23354807330591387,0.2642306914067598,1.3983604090640032,-1.0577602732365032,0.003873755164787104,3840,4575
139,140,1,0,5,0,7,0,1,0.26530741682259856,0.37505199951709434,0.6328620350330633,-0.8426484591119325,0.33796834439142004,4008,4917
140,141,1,0,5,0,1,1,1,0.6226000313853033,0.6368825626349178,-0.01363613721670277,-0.899757790295447,2.9281614528208904,3547,5805
141,142,1,0,5,0,2,1,1,0.6318631732443364,0.65149636150661,0.8416343188596833,-0.5494872257032261,1.6186642697601794,3084,4660
142,143,1,0,5,0,3,1,2,0.7813967489687276,0.7477038707452524,1.2619625169639452,0.5451082886474647,0.1978022236239246,3438,4274
143,144,1,0,5,0,4,1,2,0.9349002426327044,0.8366044805480478,0.7803944489372084,0.20435594591916292,-0.14205261714109854,3833,4492
144,145,1,0,5,0,5,1,1,0.9388701605722902,0.9023665754706642,0.47001965364830045,-0.4714378064190898,0.013474174395437475,4238,4978
145,146,1,0,5,0,6,0,1,1.1969148266453546,1.139840807135666,0.3398849300630403,0.10917372727997242,0.04803568362577881,3919,4677
146,147,1,0,5,0,7,0,1,1.0526744748404109,1.0326729487432553,0.17495482584001018,0.6326759297955198,0.2650051582384772,3808,4679
147,148,1,0,5,1,1,0,1,0.9124040409750529,0.8828815103084076,0.7024527963086032,0.4975171793278695,2.4346999043654614,2757,4758
148,150,1,0,5,0,3,1,1,1.3332153425711275,1.2397017660922314,0.3920780010196953,-0.7645990398277966,1.5668220059146676,2549,4098
149,151,1,0,5,0,4,1,1,1.5595006651275074,1.5709478738505944,0.05595462405883723,-1.0177837414080433,-0.1151714432952775,3309,3982
150,152,1,0,6,0,5,1,2,1.4999518960337228,1.544155909252491,0.3371012996120183,0.20435594591916292,-0.4223848586760894,3461,3974
151,153,1,0,6,0,6,0,1,1.2339673940814873,1.075296528785692,-2.2523709274508246,1.2894332384059342,0.005793839010917178,4232,4968
152,154,1,0,6,0,7,0,1,0.7178780619353582,0.7294366221556365,-1.9099843819751678,0.7906784127365764,0.3168474220839892,4414,5312
153,155,1,0,6,0,1,1,1,0.7999230326867938,0.7744958353433551,-1.20015861696466,-0.8673958359581223,2.1812488366762914,3473,5342
154,156,1,0,6,0,2,1,2,0.8713815555993347,0.9096734749065103,0.16590802687419032,-0.6694168211886062,1.8279534089883576,3221,4906
155,157,1,0,6,0,3,1,1,1.0341481911223447,0.9401188892225362,-0.1994434698223947,-0.8826249909403927,-0.1151714432952775,3875,4548
156,158,1,0,6,0,4,1,1,1.1929449087057695,1.1483655231441534,-0.21405752969025815,-0.04311782254273252,0.05763610285642918,4070,4833
157,159,1,0,6,0,5,1,1,1.5634705830670925,1.5819082230043633,-0.04564788740345123,-0.6922605536620118,-0.10941119175688728,3725,4401
158,160,1,0,6,0,6,0,2,1.7394702783887215,1.7670163420458016,-0.4200461830658566,-0.5266434932298204,-0.3263806663695857,3352,3915
159,161,1,0,6,0,7,0,1,1.450989574778834,1.4357702342874386,-0.16464808918462467,-0.6446694443424165,0.15748046285519304,3771,4586
160,162,1,0,6,0,1,1,1,1.286899633275962,1.2823253461346678,0.18052208674205328,-0.4638232289279547,1.912437098218081,3237,4966
161,163,1,0,6,0,2,1,1,1.1108999379543334,1.0716430790677687,0.8298038894428423,-0.3515082109337096,1.4093751305320015,2993,4460
162,164,1,0,6,0,3,1,1,0.7999230326867938,0.8171194153857911,-0.9329300936665862,1.45695394321091,0.2496444874694366,4157,5020
163,165,1,0,6,0,4,1,1,0.6318631732443364,0.7562285867537393,-0.8459416420721613,0.9962720049972276,-0.01148691560425349,4164,4891
164,166,1,0,6,0,5,1,1,0.7536073233916286,0.7330900718735598,-1.0922929369875727,-0.29630252412297925,0.06915660593320963,4411,5180
165,167,1,0,6,0,6,0,2,0.7628704652506618,0.7793671016339191,0.4150429522406234,0.19483772405524372,-0.360942175599927,3222,3767
166,168,1,0,6,0,7,0,1,0.8766747795187825,0.8098125159499451,0.7455990682994383,-0.6142111343778756,0.2496444874694366,3981,4844
167,169,1,0,6,0,1,1,1,1.133396139611985,1.075296528785692,0.2904754895574073,-0.9149869452777175,2.0622036382162268,3312,5119
168,170,1,0,6,0,2,1,2,1.147952505390466,1.0862568779394608,0.2647269078854572,-1.1377133368934234,1.7396295520663743,3105,4744
169,171,1,0,6,0,3,1,2,0.7999230326867938,0.7793671016339191,0.8179734600260005,-0.4543050070640355,-0.06524926329589557,3311,4010
170,172,2,0,6,0,4,1,2,1.0473812509209637,1.0363263984611781,0.9863831023128073,-0.2563259922945191,0.07875702516386,4061,4835
171,173,2,0,6,0,5,1,1,1.3332153425711275,1.3785328553733098,0.5486572138896603,-0.24109683731224893,-0.1382124494488384,3846,4507
172,174,2,0,6,0,6,0,2,1.305425916994028,1.3785328553733098,0.5194290941539333,0.6079285529493305,0.02499467747221792,4044,4790
173,175,2,0,6,0,7,0,1,1.2829297153363766,1.1520189728620767,-0.3852508024280866,0.39472038319754393,0.45317337515922446,4022,4991
174,176,2,0,6,0,1,1,1,1.1254563037328138,1.0716430790677687,-1.0115676539079466,0.23481425588370355,2.014201542062975,3420,5202
175,177,2,0,6,0,2,1,1,1.043411332981378,1.0363263984611781,-0.8027953700813266,-1.2328955555326138,2.2791731128289254,3385,5305
176,178,2,0,6,0,3,1,2,1.0566443927799967,1.0326729487432553,0.20627066841400338,-1.0653748507276386,0.23236373285426593,3854,4708
177,179,2,0,6,0,4,1,1,1.39144080568505,1.3712259559374642,0.03855693373995223,-0.5970783350228213,-0.0018864963736031186,3916,4648
178,180,2,0,6,0,5,1,1,1.305425916994028,1.139840807135666,-0.9099651424456582,0.901089786358037,0.2208432297774855,4377,5225
179,181,2,0,6,0,6,0,1,1.133396139611985,1.0326729487432553,-1.3532582917708478,-0.0735761325072735,0.5645382382347688,4488,5515
180,182,2,0,7,0,7,0,1,1.2736665734773434,1.125227008263974,-1.6177031846179,-1.130098759402288,0.9850366005372551,4116,5362
181,183,2,0,7,0,1,1,1,1.3596814621683648,1.2177810677846928,-1.2808839000442862,-0.970192632088448,2.8244769251298663,2915,5119
182,186,2,0,7,0,4,1,1,1.4046738654836683,1.3943644708176437,-0.26625060064691314,-0.8274193041296621,0.5722185736192891,3634,4665
183,187,2,0,7,0,5,1,1,1.2604335136787246,1.3286023758950276,0.7977921392560934,-0.5266434932298204,0.09795786362516073,3845,4629
184,188,2,0,7,0,6,0,1,1.4232001492017345,1.3359092753308741,0.15686122790837043,-0.4067138977444403,0.04035534824125851,3838,4592
185,189,2,0,7,0,7,0,2,1.202208050564802,1.236048316374309,0.8993946507183823,0.43279327065322,-0.07868985021880609,3348,4040
186,190,2,0,7,0,1,1,1,1.3332153425711275,1.1982960026224365,-0.13541996944889778,-0.29630252412297925,2.4097388143657703,3348,5336
187,191,2,0,7,0,2,1,1,1.4099670894031158,1.3553943404931303,-0.3504554217903166,-0.09832350935346318,1.939318272063902,3138,4881
188,192,2,0,7,0,3,1,1,1.4906887541746903,1.5977398384486972,0.04969145554403839,1.1637927098022034,-0.019167250988773785,3363,4086
189,193,2,0,7,0,4,1,1,1.6627185315567332,1.6549772173628259,-0.48337377582659774,0.11678830477110749,-0.13629236560270833,3596,4258
190,194,2,0,7,0,5,1,1,1.4046738654836683,1.351740890775207,0.02115924342106723,-0.5742346025494157,0.028834845164478068,3594,4342
191,195,2,0,7,0,6,0,1,1.0473812509209637,1.021712599589486,-1.0609770944135801,0.6307722854227364,0.2976465836226885,4196,5084
192,196,2,0,7,0,7,0,1,0.9534265263507707,0.9559505046668696,-0.26068333974487007,-0.10593808684459827,1.1232826374586204,4220,5538
193,198,2,0,7,0,2,1,1,1.2564635957391388,1.2323948666563858,-0.17021535008666777,0.6878816166062508,2.444300323596112,3296,5302
194,199,2,0,7,0,3,1,1,1.4046738654836683,1.4406415005780033,0.15686122790837043,0.3147673195406239,0.20740264285457496,3617,4458
195,200,2,0,7,0,4,1,1,1.5674405010066783,1.704907696841108,0.15129396700632736,-0.7722136173189318,0.03651518054899836,3789,4541
196,201,2,0,7,0,5,1,1,1.5224480976913748,1.7012542471231857,0.5458735834386382,-0.9854217870707185,-0.17085387483304965,3688,4332
197,202,2,0,7,0,6,0,2,1.776522845824854,2.1859452430343187,0.4352242730105304,0.39472038319754393,-0.19389488098661053,3152,3784
198,203,2,0,7,0,7,0,1,1.9564924590860682,2.273628036264473,-0.3358413619224531,-0.739851662981607,-0.32830075021571575,2825,3387
199,204,2,0,7,0,1,1,1,1.9617856830055156,2.0507676034711633,-0.8953510825777947,-0.7645990398277966,0.4877348843895658,2298,3285
200,205,2,0,7,0,2,1,1,1.857244510596428,1.9935302245570348,-0.5418300152980516,-0.2810733691407088,0.6087001666957604,2556,3606
201,206,2,0,7,0,3,1,1,1.3874708877454642,1.544155909252491,0.8938273898163382,-1.280486664852209,-0.31678024713893527,3272,3840
202,207,2,0,7,0,4,1,1,1.540974381409441,1.398017920535567,-0.6114207765735916,0.11678830477110749,0.03267501285673822,3840,4590
203,208,2,0,7,0,5,1,1,1.5595006651275074,1.3590477902110536,-1.5710773745632882,-0.09832350935346318,0.04227543208738859,3901,4656
204,209,2,0,7,0,6,0,1,1.581996866785159,1.6586306670807491,-0.3156600411525466,-0.1611437736553286,-0.24381706098599246,3784,4390
205,210,2,0,7,0,7,0,1,1.9022369139117312,1.9399462953608284,-0.5995903471567496,-0.21634946046605927,-0.12093169483366772,3176,3846
206,211,2,0,7,0,1,1,1,1.7169740767310695,1.5904329390128507,-1.1333514861401417,-0.28868794663184416,1.5860228443759683,2916,4475
207,212,2,0,7,0,2,1,1,1.7262372185901027,1.5977398384486972,-1.0289653442268316,-0.3362790559514394,1.5188199097614157,2778,4302
208,213,2,0,8,0,3,1,1,1.540974381409441,1.4357702342874386,-0.5418300152980516,-0.43907585208176503,-0.007646747911993342,3537,4266
209,214,2,0,8,0,4,1,1,1.6044930684428105,1.4589087491676187,-0.95659095250027,0.18722314656410832,0.130599289009372,4044,4845
210,215,2,0,8,0,5,1,2,1.3239522007120943,1.2945035118610784,0.2007034075119603,-0.709393353017066,-0.5107087155980727,3107,3574
211,216,2,0,8,0,6,0,2,1.2061779685043879,1.2019494523403598,0.8966110202673603,0.07681177294264765,0.12675912131711184,3777,4576
212,217,2,0,8,0,7,0,1,1.2101478864439736,1.1520189728620767,0.014896074906268392,-0.0830943543711927,0.5568579028502485,3843,4866
213,218,2,0,8,0,1,1,2,1.2419072299606584,1.2713649969808989,0.8792133299484753,0.4727698024816798,1.5130596582230253,2773,4294
214,219,2,0,8,0,2,1,1,1.3821776638260168,1.508839228645901,0.8645992700806123,0.13201745975337797,1.0848809605360188,2487,3785
215,220,2,0,8,0,3,1,1,1.5039218139733086,1.4357702342874386,-0.2544201712300712,0.013991508640781915,0.21700306208522535,3480,4326
216,221,2,0,8,0,4,1,1,1.5595006651275074,1.563640974414748,-0.40543212319799316,-0.5095106938747659,0.33412817669915984,3695,4602
217,222,2,0,8,0,5,1,1,1.5131849558323418,1.3249489261771044,-1.4228490530463878,0.11678830477110749,0.28996624823816813,3896,4780
218,223,2,0,8,0,6,0,1,1.247200453880106,1.1215735585460507,-1.4256326834974093,-0.3362790559514394,0.15172021131680283,3980,4792
219,224,2,0,8,0,7,0,1,1.1969148266453546,1.1361873574177437,-1.4868725534198848,-0.8350338816207975,0.6106202505418905,3854,4905
220,225,2,0,8,0,1,1,2,1.075170676498063,1.0862568779394608,0.7024527963086032,0.25956163272989324,1.4804182328388142,2646,4150
221,226,2,0,8,0,2,1,2,1.0248850492633115,0.9559505046668696,1.3141555879206004,0.40233496068867897,1.1616843143812219,2482,3820
222,227,2,0,8,0,3,1,1,0.9666595861493896,0.906020025188587,0.5806689640764082,0.2271996783925685,0.08067710900999008,3563,4338
223,228,2,0,8,0,4,1,1,1.155892341269637,1.0862568779394608,-0.3504554217903166,0.5755665986120058,-0.023007418681033936,4004,4725
224,229,2,0,8,0,5,1,1,1.2789597973967908,1.2129098014941286,-0.37063674256022316,-0.6046929125139563,-0.12477186252592787,4026,4694
225,230,2,0,8,0,6,0,1,1.215441110363421,1.186117836896026,0.18052208674205328,0.5355900667835456,-0.18045429406370003,3166,3805
226,231,2,0,8,0,7,0,2,1.0698774525786152,1.0095344338630754,0.6558269862539924,-0.6618022436974708,0.12291895362485171,3356,4153
227,232,2,0,8,0,1,1,1,1.1386893635314328,1.1057419431017177,0.3169199788421122,-1.1053513825560985,2.2676526097521448,3277,5191
228,233,2,0,8,0,2,1,1,1.2101478864439736,1.2677115472629756,0.9835994718617853,0.7354727259258461,0.9907968520756453,2624,3873
229,234,2,0,8,0,3,1,1,1.1069300200147476,1.0399798481791014,-1.1041233664044148,1.091454223636418,0.19204197208553436,3925,4758
230,235,2,0,8,0,4,1,1,0.8303590702236169,0.8439113799838943,-1.205725877866703,-0.5666200250582802,1.0522395351518077,4614,5895
231,236,2,0,8,0,5,1,1,1.0076820715251074,0.9937028184187421,-0.16464808918462467,0.7906784127365764,0.41477169823662297,4181,5130
232,237,2,0,8,0,6,0,2,1.0659075346390299,1.0862568779394608,0.9954299012786272,0.25194705523875816,-0.5721513986742351,3107,3542
233,238,2,0,8,0,7,0,1,1.1519224233300511,1.1715040380243338,0.9223596019393104,-1.3661506616274806,0.06723652208707956,3893,4661
234,239,2,0,8,0,1,1,2,1.043411332981378,1.024148232734768,1.5403255620661054,2.3535704427920847,-0.9734489225154207,889,1115
235,240,2,0,8,0,2,1,1,1.1902982967460454,1.099652860238512,-0.4652801778949575,1.4474357213469906,1.3095307705332375,2919,4334
236,241,2,0,8,0,3,1,1,0.8078628685659653,0.8560895457103044,-0.5153855260133462,-0.39909932025330486,-0.007646747911993342,3905,4634
237,242,2,0,8,0,4,1,1,0.8224192343444459,0.7757136519159958,-0.5592277056169366,-0.8426484591119325,0.08067710900999008,4429,5204
238,243,2,0,8,0,5,1,1,0.9163739589146387,0.875574610872561,-0.21405752969025815,-1.3756688834913995,-0.08637018560332638,4370,5058
239,244,2,0,9,0,6,0,1,0.9084341230354672,0.898713125752741,0.07335231437772223,-0.6294402893601461,0.09603777977903066,4332,5115
240,245,2,0,9,0,7,0,2,0.8449154360020974,0.8366044805480478,0.6850551059897183,-0.6522840218335516,0.2726854936229975,3852,4727
241,246,2,0,9,1,1,0,1,0.9851858698674558,1.0095344338630754,0.6126807142631572,-0.0735761325072735,2.3079743705208764,2549,4484
242,248,2,0,9,0,3,1,2,1.0076820715251074,0.9632574041027161,1.1255646248638873,0.27479078771216375,0.9658357620759542,2115,3351
243,249,2,0,9,0,4,1,3,0.2838337005406648,0.29102265600486293,1.7978113787856036,1.9480941913891325,-1.0156907671302824,2506,2710
244,250,2,0,9,0,5,1,3,0.6053970536470991,0.46760605903781344,2.0072795702249784,-1.200533601195289,-1.1808179778974688,1878,1996
245,251,2,0,9,0,6,0,3,0.7933065027874844,0.5358037871057114,2.1638587830949434,0.019702441759133223,-1.1136150432829162,1689,1842
246,252,2,0,9,0,7,0,2,0.8806446974583678,0.6795061426773539,1.8736653085759423,-0.8521666809758518,-0.6067129079045764,3127,3544
247,253,2,0,9,0,1,1,1,0.9349002426327044,0.8560895457103044,0.8708624385954102,-0.4790523839102252,1.9527588589868123,3595,5345
248,254,2,0,9,0,2,1,1,0.899170981176434,0.8633964451461509,0.5924993934932502,-0.970192632088448,1.7281090489895938,3413,5046
249,255,2,0,9,0,3,1,1,0.8502086599215453,0.8207728651037144,0.44218334913808405,-1.3033303973256147,-0.08253001791106623,4023,4713
250,256,2,0,9,0,4,1,1,0.8846146153979536,0.8292975811122018,0.5834525945274303,-0.6294402893601461,-0.061409095603635416,4062,4763
251,257,2,0,9,0,5,1,1,1.0076820715251074,0.9705643035385622,0.47628282216309825,-0.30391710161411434,-0.16509362329465943,4138,4785
252,258,2,0,9,0,6,0,2,0.4876228214393926,0.5248434379519421,0.5604876433065022,1.0210193818434177,-0.5855919855971456,3231,3659
253,259,2,0,9,0,7,0,2,-0.09992503361927772,-0.036570002035576525,-0.26625060064691314,-0.3438936334425745,0.017314342087697623,4018,4760
254,260,2,0,9,0,1,1,2,0.021819116528014524,0.06816222321155271,0.6238152360672434,-0.01837044569654284,1.346012363609709,3077,4511
255,261,2,0,9,0,2,1,1,0.10783400521903587,0.1412312175700152,0.4616687622952353,-0.1611437736553286,1.1904855720731728,2921,4274
256,262,2,0,9,0,3,1,2,0.3341193277754157,0.3787054492350176,0.4268733816574653,-0.5018961163836307,-0.08060993406493616,3848,4539
257,263,2,0,9,0,4,1,2,0.40160793274837125,0.39453706467935096,1.7574487372457903,-0.7170079305082014,-0.5663911471358449,3203,3641
258,264,2,0,9,0,5,1,2,0.5829008519894471,0.5065761893623267,1.8882793684438053,-1.2081481786864243,-0.37246267867670746,3813,4352
259,265,2,0,9,0,6,0,2,0.7628704652506618,0.5333681539604294,1.9028934283116683,-0.8045755716562565,-0.34174133713862626,4240,4795
260,266,3,0,9,0,7,0,2,0.6596525988214358,0.33364623604729904,2.39281238769147,-1.4384891477932653,-0.9120062394392583,2137,2395
261,267,3,0,9,0,1,1,2,0.6450962330429553,0.5906055328745581,1.6273140136605302,-1.4384891477932653,2.0026810389861947,3647,5423
262,268,3,0,9,0,2,1,2,0.7946298087673465,0.6405360123528406,1.5055301814283353,-1.7944706455038375,1.5572215866840171,3466,5010
263,269,3,0,9,0,3,1,2,0.8766747795187825,0.7403969713094058,1.5284951326492633,-1.0253983188991784,-0.09405052098784668,3946,4630
264,270,3,0,9,0,4,1,2,0.8078628685659653,0.6527141780792513,1.7866768569815172,-0.930216100259988,-0.491507877136772,3643,4120
265,271,3,0,9,0,5,1,2,0.7999230326867938,0.6563676277971745,1.5319746707130402,-0.5418726482120906,-0.4857476255983818,3427,3907
266,272,3,0,9,0,6,0,1,0.699351778217292,0.6527141780792513,0.4908968820309622,-0.2334822598211135,-0.15357312021787897,4186,4839
267,273,3,0,9,0,7,0,1,0.4148409925469897,0.47125950875573624,0.1311126462364203,0.19483772405524372,0.18628172054714415,4372,5202
268,274,3,0,10,0,1,1,2,-0.42148838672571204,-0.3324994291873488,0.8708624385954102,1.2894332384059342,-0.4857476255983818,1949,2429
269,275,3,0,10,0,2,1,2,-0.7112923963154615,-0.7429036141673789,1.1346114238297071,0.3928167388247598,-0.22461622252469174,2302,2918
270,276,3,0,10,0,3,1,2,-0.5617588205910701,-0.4591523527420167,0.9195759714882884,-1.3756688834913995,-0.7737602025178929,3240,3570
271,277,3,0,10,0,4,1,1,-0.01920336884770327,0.032845542604962696,0.5660549042085453,0.18722314656410832,-0.4742271225216014,3970,4456
272,278,3,0,10,0,5,1,1,0.27457055868163166,0.364091650363325,0.13389627668744233,-0.1763729286375991,-0.33406100175410597,4267,4826
273,279,3,0,10,0,6,0,1,0.03505217632663341,0.07912257236532204,-0.054694686369271606,-0.7170079305082014,-0.18045429406370003,4126,4765
274,280,3,0,10,0,7,0,1,0.12503698295724053,0.22526056108224657,0.38651074011765224,-2.152355787587194,0.41477169823662297,4036,4985
275,281,3,0,10,1,1,0,1,0.18458575205102457,0.27884449027845243,0.5048150342860704,-1.8591945541784871,2.883999524359899,3174,5409
276,283,3,0,10,0,3,1,1,0.4505702540032601,0.46029915960196693,0.7316809160443302,-1.8991710860069473,1.499619071300115,3603,5117
277,284,3,0,10,0,4,1,2,0.4280740523456086,0.47856640819158275,1.2536116256108802,-0.6142111343778756,-0.12669194637205794,3896,4563
278,285,3,0,10,0,5,1,3,0.30235998425873106,0.30685427144919636,1.9314256404346404,0.7278581484347103,-0.9907296771305913,2199,2416
279,286,3,0,10,0,6,0,2,0.5511415084727624,0.5138830887981728,1.8653144172228773,-0.6294402893601461,-0.8505635563630959,2623,2913
280,287,3,0,10,0,7,0,2,0.3420591636545868,0.3787054492350176,0.6092011761993804,0.4175641156709495,-0.3916635171380082,3115,3644
281,288,3,0,10,0,1,1,1,0.1025407812995885,0.19116169704829777,-1.0115676539079466,0.8534986770384418,2.238851352060194,3318,5217
282,289,3,0,10,0,2,1,1,0.1303302068766879,0.21795366164640048,-0.9879067950742627,1.1561781323110676,1.9489186912945522,3293,5041
283,290,3,0,10,0,3,1,1,0.2520743570239797,0.2642306914067598,-0.34140862282449624,-0.20112030548378876,-0.03836808945007453,3857,4570
284,291,3,0,10,0,4,1,2,0.24281121516494653,0.3372996857652223,0.5082945723498472,-1.0330128963903138,-0.18429446175596018,4111,4748
285,292,3,0,10,0,5,1,3,0.2930968423996979,0.2824979399963757,1.8548758030315458,0.6650378841328449,-0.9196865748237786,2170,2424
286,293,3,0,10,0,6,0,1,-0.06419577216300683,-0.004906771146909768,0.052475085995059935,2.9475074871006326,-0.5030283802135525,3724,4195
287,294,3,0,10,0,7,0,1,-0.3262103561756571,-0.26673733426473284,-0.37898763391328777,0.3852021613336247,-0.10941119175688728,3628,4304
288,295,3,0,10,0,1,1,1,-0.3539997817527565,-0.25577698511096353,0.0037615531021822305,-1.2557392880060194,1.4708178136081638,2809,4308
289,296,3,0,10,0,2,1,1,-0.3579696996923422,-0.2740442337005789,0.7831780793882305,-1.1681716468579642,1.7012278751437726,2762,4381
290,297,3,0,10,0,3,1,1,-0.1316843771359624,-0.06336196663367923,0.9982135317296482,-0.9226015227688528,-0.06524926329589557,3488,4187
291,298,3,0,10,0,4,1,1,-0.08669197382065884,-0.024391836309165967,-0.040080626501408145,-0.31153167910524976,-0.07292959868041586,3992,4687
292,299,3,0,10,0,5,1,2,-0.01920336884770327,0.032845542604962696,0.6384292959351073,-0.5418726482120906,-0.6316739979042675,3490,3894
293,300,3,0,10,0,6,0,2,-0.09595511567969196,-0.06336196663367923,1.2821438377338523,0.08442635043378273,-0.9465677486695996,2419,2659
294,301,3,0,10,0,7,0,2,-0.8515628301808195,-0.904873218328637,-0.2982623508336616,0.4899026018367344,-0.5318296379055036,3291,3747
295,302,3,0,10,0,1,1,3,-1.2670809078574468,-1.4577619423076684,1.7664955362116104,2.043276410028323,-1.2979430925114033,570,627
296,303,3,0,10,0,2,1,1,-0.9137582112343274,-0.8890416028843035,-0.03381745798660931,-0.18589115050151828,0.29188633208429826,2446,3331
297,304,3,0,10,0,3,1,1,-0.8012772029460685,-0.6783593358174037,0.5194290941539333,-1.080604005709909,-0.7123175194417306,3307,3669
298,305,3,0,11,0,4,1,1,-0.471774013960463,-0.4287069384259907,0.3837271096666302,-0.709393353017066,-0.620153494827487,3658,4068
299,306,3,0,11,0,5,1,1,-0.5974880820473405,-0.470112701895786,0.6272947741310202,-1.39089803847367,-0.69695684867269,3816,4186
300,307,3,0,11,0,6,0,1,-0.43075152858474514,-0.3739051926571441,0.5110782028008682,-0.6922605536620118,-0.7968012086714539,3656,3974
301,308,3,0,11,0,7,0,2,-0.45721764818198246,-0.3897368081014775,-0.04286425695242969,1.0286339593345526,-0.5049484640596825,3576,4046
302,309,3,0,11,0,1,1,1,-0.8740590318384712,-0.8744278040126108,-0.7617368209287577,-0.025985023187678258,0.8122290543855484,2770,3926
303,310,3,0,11,0,2,1,1,-0.756284799630765,-0.6393892054928905,0.7372481769463732,-1.2633538654971548,0.4205319497750132,2697,3649
304,311,3,0,11,0,3,1,1,-0.502210051497286,-0.4055684235458113,0.9056578192331802,-1.7088066487285662,-0.6911965971342997,3662,4035
305,312,3,0,11,0,4,1,1,-0.43075152858474514,-0.33615287890527207,0.6474760949009273,-1.5565150989058614,-0.6854363455959095,3829,4205
306,313,3,0,11,0,5,1,1,-0.4757439319000487,-0.3556379440675287,0.9021782811694034,-1.6440827400539169,-0.8217622986711448,3804,4109
307,314,3,0,11,0,6,0,2,-0.5842550222487218,-0.5699736608523512,1.2849274681848735,-0.025985023187678258,-1.0425719409761034,2743,2933
308,315,3,0,11,0,7,0,1,-0.8872920916370901,-0.9779422126870992,-1.2697493782402,1.5749798943235056,-0.5625509794435848,2928,3368
309,316,3,0,11,1,1,0,1,-0.7112923963154615,-0.6661811700909935,-0.5272159554301882,0.26717621022102866,1.0407190320750273,2792,4067
310,317,3,0,11,0,2,1,1,-0.25475183326311623,-0.22411375422229635,-1.1855445570967966,1.1561781323110676,0.520376309773777,2713,3717
311,318,3,0,11,0,3,1,1,0.2295781553663281,0.3482600349189916,-0.2892155518678412,1.47218309819318,-0.2649379832934233,3891,4486
312,319,3,0,11,0,4,1,2,0.2295781553663281,0.2447456262445032,0.4185224903044002,0.10917372727997242,-0.5452702248284141,3746,4195
313,320,3,0,11,0,5,1,3,-0.1687369445720949,-0.09380738094970519,2.0970516522704252,-0.6922605536620118,-1.1289757140519567,1672,1817
314,321,3,0,11,0,6,0,2,-0.7920140610870354,-0.878081253730534,-0.36785311210920163,1.45695394321091,-1.1404962171287372,2914,3053
315,322,3,0,11,0,7,0,1,-1.1585698175087733,-1.1849710300360756,-1.5216679340576547,-0.28868794663184416,-0.9369673294389492,3147,3392
316,323,3,0,11,0,1,1,1,-0.8595026660599908,-0.870774354294688,-0.8807370227099313,0.42517869316208456,0.40325119515984253,2720,3663
317,324,3,0,11,0,2,1,2,-0.1316843771359624,-0.06336196663367923,0.3892943705686733,-0.0659615550161381,0.10371811516355096,2733,3520
318,325,3,0,11,0,3,1,3,-0.21769926582698373,-0.13643096099214172,1.9578701297193453,-0.6770313986797413,-0.9849694255922011,2545,2765
319,326,3,0,11,1,4,0,3,-0.3857591252694416,-0.2789154999911434,2.3232216264159304,-0.9226015227688528,-1.2749020863578424,1538,1607
320,327,3,0,11,0,5,1,2,-0.25475183326311623,-0.22411375422229635,0.8993946507183823,1.845297395258807,-1.1923384809742492,2454,2566
321,328,3,0,11,0,6,0,1,-0.6199842837049923,-0.5784983768608385,-0.5529645371021378,-0.30391710161411434,-0.3321409179079759,935,1495
322,329,3,0,11,0,7,0,1,-0.6107211418459592,-0.5285678973825559,0.1053640645644702,-1.1757862243490995,0.6951039397716138,1697,2792
323,330,3,0,11,0,1,1,1,-0.6067512239063736,-0.5017759327844532,0.36911304979876725,-1.5660333207697805,0.9907968520756453,1819,3068
324,331,3,0,11,0,2,1,1,-0.1541805787936144,-0.07066886606952574,0.4846337135161634,0.2271996783925685,0.14788004362454266,2261,3071
325,332,3,0,11,0,3,1,1,0.08533780356138433,0.13879558442473316,0.7957044164178271,-0.6256330006145785,-0.9216066586699087,3614,3867
326,333,3,0,11,0,4,1,2,-0.15947380271306177,-0.09746083066762845,1.4067113004170684,0.8534986770384418,-1.2230598225123304,2818,2914
327,334,3,0,11,0,5,1,1,-0.8833221736975044,-0.9511502480889963,-0.1068877573259266,1.0210193818434177,-1.0464121086683635,3425,3613
328,335,3,0,12,0,6,0,1,-0.9508107786704597,-0.9852491121229455,-0.7241578098399662,0.3699730063513542,-1.057932611745144,3545,3727
329,336,3,0,12,0,7,0,1,-0.9415476368114266,-0.8281507742522515,-0.019899305731501605,-1.1529424918756939,-0.8928054009779576,3672,3940
330,337,3,0,12,0,1,1,1,-1.0222693015830009,-0.9548036978069195,-0.10967138777694814,-1.2157627561775595,-0.05180867637298505,2908,3614
331,338,3,0,12,0,2,1,1,-0.8515628301808195,-0.7209829158598402,1.0239621134015984,-1.3661506616274806,-0.1900547132943504,2851,3485
332,339,3,0,12,0,3,1,2,-0.552495678732037,-0.4469741870156066,1.3809627187451183,-1.6440827400539169,-0.9600083355925102,3578,3811
333,340,3,0,12,0,4,1,3,-0.13697760105540976,-0.06701541635160248,2.233449544370483,0.5279754892924104,-1.165457307128428,2468,2594
334,341,3,0,12,0,5,1,3,-0.42148838672571204,-0.4092218732637341,2.378198327823607,0.9562954731687674,-1.3113836794343137,655,705
335,342,3,0,12,0,6,0,1,-1.2035622208240768,-1.281178539274718,-0.3386249923734747,0.6231577079316006,-1.1193752948213063,3172,3322
336,343,3,0,12,0,7,0,1,-1.0685850108781663,-0.912180117764483,0.4672360231972784,-1.3832834609825349,-0.9062459879008681,3359,3620
337,344,3,0,12,0,1,1,1,-1.1532765935893259,-1.223941160360589,-0.8431580116211397,0.5374937111563297,-0.44350578098352017,2688,3190
338,345,3,0,12,0,2,1,1,-1.4483738270985227,-1.3043170541548974,-0.9649418438533347,-1.5888770532431864,-0.6835162617497794,2366,2743
339,346,3,0,12,0,3,1,1,-1.3530957965484682,-1.2008026454804093,0.2932591200084284,-1.6288535850716463,-1.1328158817442169,3167,3310
340,347,3,0,12,0,4,1,1,-1.1135774141934698,-1.0120410767210481,-0.2690342310979347,-0.6446694443424165,-1.109774875590656,3368,3523
341,348,3,0,12,0,5,1,2,-0.9230213530933605,-0.785527194209815,0.2445455871155502,-1.661215539408971,-1.0656129471296643,3562,3740
342,349,3,0,12,0,6,0,2,-0.3539997817527565,-0.33615287890527207,0.03855693373995223,0.9810428500149574,-1.059852695591274,3528,3709
343,350,3,0,12,0,7,0,2,-0.6107211418459592,-0.6552208209372242,-0.8925674521267731,0.8858606313757669,-1.0656129471296643,3399,3577
344,351,3,0,12,0,1,1,2,-1.2445847061997948,-1.327455569035077,-0.4722392540225116,0.6631342397600608,-0.8793648140550471,2464,2739
345,352,3,0,12,0,2,1,1,-1.3530957965484682,-1.350594083915257,-0.29547872038264006,-0.2715551472767896,-0.9849694255922011,2211,2431
346,353,3,0,12,0,3,1,1,-1.1453367577101548,-1.1350405505577932,0.06152188496088031,-0.2334822598211135,-0.9081660717469981,3143,3403
347,354,3,0,12,0,4,1,2,-0.552495678732037,-0.432360388143914,-0.23145522000914315,-1.6516973175450518,-0.9926497609767214,3534,3750
348,355,4,0,12,0,5,1,2,-0.3222404382360718,-0.23994536966663013,1.5980858939248033,0.3852021613336247,-1.2019389002048995,2553,2660
349,356,4,0,12,0,6,0,2,-0.3487065578333091,-0.25090571882039947,0.8966110202673603,-1.8344471773322977,-0.9715288386692906,2841,3068
350,357,4,0,12,0,7,0,1,-0.6199842837049923,-0.5468351459721718,0.4004288923727604,1.0590922692990936,-1.0944142048216154,2046,2209
351,358,4,0,12,0,1,1,1,-1.0050663238447963,-1.0242192424474585,-0.5995903471567496,-0.010755868205407764,-1.109774875590656,856,1011
352,359,4,0,12,1,2,0,1,-1.1545998995691877,-1.1411296334209984,0.3663294193477452,-0.46001594018238684,-0.825602466363405,451,754
353,360,4,0,12,0,3,1,1,-0.9005251514357088,-0.9243582834908937,-0.8466375496849164,0.6155431304404656,-0.5817518179048855,887,1317
354,361,4,0,12,0,4,1,2,-0.8833221736975044,-0.8512892891324314,0.9314064009051303,-0.03359960067881333,-1.2096192355894198,1059,1162
355,362,4,0,12,0,5,1,1,-1.0235926075628627,-1.1411296334209984,-0.868210685680334,1.31227697087934,-0.9177664909776485,2047,2302
356,363,4,0,12,0,6,0,1,-1.2988402513741315,-1.2397727758049226,-0.37898763391328777,-0.9149869452777175,-0.9196865748237786,2169,2423
357,364,4,0,12,0,7,0,1,-0.9547806966100455,-0.904873218328637,0.05595462405883723,-0.7246225079993365,-0.464626703290951,2508,2999
358,365,4,0,12,0,1,1,1,-0.42148838672571204,-0.3239747131788615,-0.08949006700704161,0.3699730063513542,-0.13053211406431808,1820,2485
359,366,4,1,1,1,2,0,1,-0.6385105674230586,-0.5590133116985819,0.4442710719763503,0.013991508640781915,-0.09021035329558653,1608,2294
360,367,4,1,1,0,3,1,1,-1.1651863474080828,-1.3091883204454617,-1.7213934189184543,1.7672479759746706,-0.9388874132850793,1707,1951
361,368,4,1,1,0,4,1,1,-1.832132561258465,-2.077630577781957,-1.30454475887797,2.226026269815569,-1.2365004094352408,2147,2236
362,369,4,1,1,0,5,1,2,-2.06238780175443,-2.1190363412517526,-1.4896561838709061,-0.0830943543711927,-1.2249799063584603,2273,2368
363,370,4,1,1,0,6,0,1,-1.2035622208240768,-1.1508721660021266,-0.7269414402909877,-0.7798281948100668,-1.138576133282607,3132,3272
364,371,4,1,1,0,7,0,1,-0.8330365464627535,-0.7745668450560457,-0.6023739776077712,-0.29630252412297925,-0.8179221309788847,3791,4098
365,372,4,1,1,0,1,1,1,-0.5114731933563191,-0.4664592521778632,-0.6747483693343328,-0.20873488297492385,0.647101843618362,3451,4521
366,373,4,1,1,0,2,1,1,-0.8145102627446872,-0.7745668450560457,-1.1389187470421847,0.0044732867768627295,-0.257257647908903,2826,3425
367,374,4,1,1,0,3,1,2,-1.4298475433804567,-1.3396337347614877,0.5082945723498472,-1.1757862243490995,-1.2038589840510296,2270,2376
368,375,4,1,1,0,4,1,1,-0.9706603683683878,-0.904873218328637,0.12415357010886671,-0.04502146691551629,-1.0752133663603145,3425,3598
369,376,4,1,1,0,5,1,2,-1.1585698175087733,-1.1240802014040239,1.5229278717472203,-0.7645990398277966,-1.2307401578968507,2085,2177
370,377,4,1,1,0,6,0,2,-0.5710219624501032,-0.5200431813740686,1.2125530764583123,-0.13068546369078793,-0.8908853171318275,3828,4097
371,378,4,1,1,0,7,0,1,-1.1585698175087733,-1.327455569035077,-0.8431580116211397,2.384028752756625,-1.0732932825141845,3040,3214
372,379,4,1,1,0,1,1,1,-1.6693659257354552,-1.7317706711519019,-1.1911118179988396,-0.05073240003386793,-0.7679999509795027,2160,2493
373,380,4,1,1,0,2,1,1,-1.7421477546278579,-1.8620770444244932,-1.4576444336841579,0.7659310358903864,-0.8620840594398763,2027,2311
374,381,4,1,1,0,3,1,1,-1.6151103805611184,-1.6854936413915427,-0.7387718697078297,0.5127463343101399,-0.9907296771305913,2081,2298
375,382,4,1,1,0,4,1,2,-0.6226308956647162,-0.6284288563391212,0.6085052685866247,2.0147217444365664,-1.163537223282298,2808,2935
376,383,4,1,1,0,5,1,1,-0.999773099925349,-1.1703572311643833,-1.2899306990101065,2.8599398459525776,-1.1980987325126393,3267,3376
377,384,4,1,1,0,6,0,1,-1.6151103805611184,-1.6891470911094657,-0.9127487728966797,0.3699730063513542,-1.1577769717439077,3162,3292
378,385,4,1,1,0,7,0,2,-1.465576804836727,-1.5003855223501046,-1.2433048889554947,0.14724661473564848,-1.1865782294358589,3048,3163
379,386,4,1,1,1,1,0,2,-1.7050951871917257,-1.7817011506301845,1.4094949308680904,0.40233496068867897,-1.2787422540501026,1234,1301
380,387,4,1,1,0,2,1,2,-1.7646439562855096,-1.8584235947065701,1.1659272664037004,0.10917372727997242,-1.031051437899323,1781,1977
381,388,4,1,1,0,3,1,2,-1.4616068868971417,-1.3664256993595905,1.9662210210724105,-1.0253983188991784,-1.1289757140519567,2287,2432
382,389,4,1,1,0,4,1,1,-0.7880441431474499,-0.719765099287199,1.4415066810548385,-0.8597812584669872,-0.5644710632897149,3900,4339
383,390,4,1,1,0,5,1,1,-1.0500587271600998,-1.0510112070455615,0.1053640645644702,-0.3838701652710347,-0.5107087155980727,3803,4270
384,391,4,1,1,0,6,0,2,-0.7920140610870354,-0.6783593358174037,0.9808158414107633,-1.501309412095131,-0.9388874132850793,3831,4075
385,392,4,1,1,0,7,0,2,-0.3407667219541376,-0.31666781374301545,0.7831780793882305,1.9328650364068625,-0.8908853171318275,3187,3456
386,393,4,1,1,0,1,1,1,-0.9322844949523937,-0.8585961885682775,-0.5940230862547066,0.25194705523875816,0.08067710900999008,3248,4023
387,394,4,1,1,0,2,1,1,-1.1135774141934698,-1.1849710300360756,-2.2092246554599897,0.6231577079316006,-0.33598108560023604,2685,3243
388,395,4,1,1,0,3,1,1,-1.1850359371060109,-1.2470796752407687,-1.5856914344311517,0.3147673195406239,-1.165457307128428,3498,3624
389,396,4,1,1,0,4,1,1,-0.5299994770743852,-0.5236966310919918,-1.4750421240030427,0.901089786358037,-0.7852807055946734,4185,4509
390,397,4,1,2,0,5,1,1,-0.09992503361927772,-0.004906771146909768,-0.8403743811701181,-0.025985023187678258,-0.8236823825172749,4275,4579
391,398,4,1,2,0,6,0,2,-0.479713849839634,-0.4165287726995806,0.30787317987629237,-0.05073240003386793,-1.0425719409761034,3571,3761
392,399,4,1,2,0,7,0,1,-0.9455175547510123,-0.9621105972427657,-0.7095437499721028,-0.1611437736553286,-0.8121618794404944,3841,4151
393,400,4,1,2,0,1,1,2,-1.21282536268311,-1.1849710300360756,1.0504066026863033,-0.8826249909403927,-0.6700756748268689,2448,2832
394,401,4,1,2,0,2,1,2,-1.2035622208240768,-1.2349015095143583,0.41225932178960234,-0.1935057279926537,-0.7968012086714539,2629,2947
395,402,4,1,2,0,3,1,1,-1.112254108213608,-1.0412686744644333,-0.04495197979069597,-0.4771487395374411,-1.0118505994380222,3578,3784
396,403,4,1,2,0,4,1,1,-0.7245254561140801,-0.646696104928737,-0.9217955718625,-0.5590054475671452,-1.0252911863609326,4176,4375
397,404,4,1,2,0,5,1,2,-1.253847848058828,-1.223941160360589,0.6558269862539924,-0.7322370854904716,-1.1980987325126393,2693,2802
398,405,4,1,2,0,6,0,1,-1.2088554447435245,-1.250733124958692,-0.4631924550566912,0.036835241114187484,-1.0944142048216154,3667,3830
399,406,4,1,2,0,7,0,2,-1.1228405560525028,-1.0583181064814078,-0.6169880374756347,-0.9473488996150423,-0.9715288386692906,3604,3831
400,407,4,1,2,0,1,1,3,-1.4298475433804567,-1.5624941675547979,0.7135873181126904,1.2589749284413938,-1.0387317732838433,1977,2169
401,408,4,1,2,0,2,1,1,-1.953876711405757,-2.2274220162168046,-1.1417023774932062,2.7818904266684417,-1.2672217509733221,1456,1529
402,409,4,1,2,0,3,1,1,-1.43911068523949,-1.4577619423076684,-1.51331704270459,-0.30391710161411434,-1.2268999902045905,3328,3422
403,410,4,1,2,0,4,1,2,-0.9137582112343274,-0.812319158807918,-0.8341112126553193,-0.6370548668512811,-1.1481765525132575,3787,3922
404,411,4,1,2,0,5,1,1,-0.756284799630765,-0.7051513004155069,-0.67822790739811,-0.12116724182686876,-1.136656049436477,4028,4169
405,412,4,1,2,0,6,0,2,-0.928314577012808,-0.8354576736880975,0.8645992700806123,-1.27096844298829,-1.265301667127192,2931,3005
406,413,4,1,2,0,7,0,1,-0.7827509192280023,-0.7051513004155069,0.04134056419097377,0.18722314656410832,-0.7372786094414215,3805,4154
407,414,4,1,2,1,1,0,1,-0.7655479414897979,-0.682012785535327,-0.6545670485644263,-0.003141290714272686,1.347932447455839,2883,4318
408,415,4,1,2,0,2,1,2,-1.1268104739920883,-1.2275946100785122,-0.7853976797624416,0.7906784127365764,-0.22077605483243157,2071,2689
409,416,4,1,2,0,3,1,1,-1.1268104739920883,-1.1813175803181526,-0.8410702887828734,0.48419166871838276,-0.44350578098352017,2627,3129
410,417,4,1,2,0,4,1,1,-1.0844646826365085,-1.0485755739002796,-0.2391102037494525,0.18531950219132454,-1.0944142048216154,3614,3777
411,418,4,1,2,0,5,1,1,-0.49824013355770025,-0.4554989030240939,-0.42282981351687815,0.5527228661386001,-0.6508748363655682,4379,4773
412,419,4,1,2,0,6,0,1,-0.1819700043707133,-0.14008441071006497,-0.5153855260133462,-0.003141290714272686,-0.41662460713769917,4546,5062
413,420,4,1,2,0,7,0,2,-0.4347214465243305,-0.3434597783411181,0.7574294977162803,0.59269939796706,-0.9350472455928192,3241,3487
414,421,4,1,2,0,1,1,1,-1.0685850108781663,-1.289703255283205,-1.6204868150689216,2.939892909609498,-0.798721292517584,2415,2732
415,422,4,1,2,0,2,1,1,-1.1307803919316741,-1.2117629946341786,-1.5216679340576547,0.17960856907297323,-0.41854469098382924,2874,3389
416,423,4,1,2,0,3,1,1,-0.6570368511411248,-0.6661811700909935,-0.9593745829512916,0.9810428500149574,-0.9216066586699087,4069,4322
417,424,4,1,2,0,4,1,1,-0.6967360305369807,-0.6929731346890963,-1.6204868150689216,0.02922066362305241,-0.9676886709770305,4134,4363
418,425,4,1,3,0,6,0,1,-0.009940226988670144,0.04867715804929608,-0.09227369745806314,0.45754064749940965,-0.7833606217485433,4665,4990
419,426,4,1,3,0,7,0,2,-0.7284953740536656,-0.6552208209372242,0.19791977706093827,-0.5894637575316858,-0.9350472455928192,2948,3194
420,427,4,1,3,0,1,1,2,-0.39899218506806,-0.32884597946942556,-0.051911055918250064,-0.3838701652710347,0.4282122851595335,3110,4066
421,428,4,1,3,0,2,1,1,-0.878028949778057,-1.0010807275672788,-1.5682937441122666,1.830068240276537,-0.04412834098846475,2713,3423
422,429,4,1,3,0,3,1,1,-1.3253063709713688,-1.3773860485133598,-0.8522048105869601,0.48038437997281525,-1.0176108509764124,3130,3333
423,430,4,1,3,0,4,1,1,-1.2445847061997948,-1.293356705001128,-1.1966790789008828,0.12440288226224291,-0.9830493417460711,3735,3956
424,431,4,1,3,0,5,1,1,-0.45324773024239673,-0.500558116211812,-0.8027953700813266,1.9728415682353226,-0.5779116502126254,4484,4916
425,432,4,1,3,0,6,0,1,0.21634509556770923,0.3482600349189916,-0.4256134439678997,3.1930776111897443,-0.4742271225216014,4896,5382
426,433,4,1,3,0,7,0,2,-0.41751846878612625,-0.4287069384259907,-1.5418492548275613,2.8523252684614424,-0.5491103925206743,4122,4569
427,434,4,1,3,0,1,1,1,-1.0857879886163706,-1.1545256157200496,-1.9364288712598732,0.44231149251713914,0.4512532913130944,3150,4118
428,435,4,1,3,0,2,1,1,-0.6835029707383621,-0.6564386375098651,-1.0554098335115365,0.40043131631589524,1.7761111451428455,3253,4911
429,436,4,1,3,0,3,1,1,-0.11448139939775821,-0.04753035118934585,-0.9705091047553778,0.21197052341029798,0.20164239131618475,4460,5298
430,437,4,1,3,0,4,1,1,0.4188109104865755,0.46029915960196693,-0.07765963759019968,0.5850848204759249,0.05571601901029911,5085,5847
431,438,4,1,3,0,5,1,1,0.45983339586229327,0.4943980236359162,-0.8459416420721613,-0.970192632088448,0.5069357228508665,5315,6312
432,439,4,1,3,0,6,0,1,0.3791117310907193,0.3981905143972742,-0.34140862282449624,-0.5266434932298204,0.5222963936199071,5187,6192
433,440,4,1,3,0,7,0,2,-0.28121795286035356,-0.19001489018834755,1.4853488606584282,-0.9949400089346375,-0.35518192406153676,3830,4378
434,442,4,1,3,0,2,1,2,-0.08272205588107308,-0.020738386591243146,1.2619625169639452,-0.819804726638527,2.8302371766682564,3685,5892
435,443,4,1,3,0,3,1,1,0.3102998201379021,0.3981905143972742,0.6968855354065602,-0.3667373659159801,0.47813446515891544,5171,6153
436,444,4,1,3,0,4,1,1,0.39631470882892345,0.43350719500386425,1.2473484570960824,-0.8902395684315279,0.6106202505418905,5042,6093
437,445,1,1,3,0,5,1,2,0.23884129722536124,0.27884449027845243,1.3399041695925504,-1.2957158198344796,0.7469462036171258,5108,6230
438,446,1,1,3,0,6,0,1,0.360585447372653,0.3908836149614277,1.4094949308680904,-0.9378306777511233,1.1540039789967016,5537,6871
439,448,1,1,3,0,1,1,2,0.08004457964193697,0.1180927026898353,1.7866768569815172,0.02160608613191699,0.5760587413115492,2339,3372
440,449,1,1,3,0,2,1,2,-0.2719548110013204,-0.18270799075250105,1.7546651067947683,0.3775875838424893,1.5341805805304563,3464,4996
441,450,1,1,3,0,3,1,1,-0.22696240768601686,-0.17418327474401374,-1.049146664996738,2.49634377075087,0.11907878593259155,4763,5558
442,451,1,1,3,0,4,1,1,-0.8912620095766757,-0.9243582834908937,-2.356757069364135,-0.05073240003386793,-0.38782334944574803,4571,5102
443,452,1,1,3,0,5,1,1,-0.01920336884770327,0.02188519345119337,-1.02618171377581,1.281818660914799,-0.11325135944914742,5024,5698
444,453,1,1,3,0,6,0,1,0.03505217632663341,0.0913007380917326,-1.3184629111330777,1.6397038029981559,0.19396205593166446,5299,6133
445,454,1,1,3,0,7,0,2,-0.6385105674230586,-0.5590133116985819,-0.3330577314714316,-0.6770313986797413,0.12099886977872162,4663,5459
446,457,1,1,4,0,3,1,1,-0.29180440069924873,-0.24238100281191216,-0.8654270552293125,1.5426179399861812,0.9120734143843122,4728,5936
447,458,1,1,4,0,4,1,1,-0.11448139939775821,-0.036570002035576525,-1.6142236465541226,-1.160557069366829,1.1808851528425226,5424,6772
448,459,1,1,4,0,5,1,1,0.2930968423996979,0.40184396411519746,-1.1069069968554361,-0.12878181931800384,0.6240608374648011,5378,6436
449,460,1,1,4,0,6,0,1,-0.2851878707999393,-0.2204603045043735,-1.7708028594240877,0.3623584288602192,0.881352072846231,5265,6457
450,461,1,1,4,0,7,0,1,-0.45721764818198246,-0.4664592521778632,-1.7506215386541812,1.3941336789090437,2.0622036382162268,4653,6460
451,463,1,1,4,0,2,1,1,0.06681151984331808,0.1521915667237845,-2.4555759503754016,0.5279754892924104,2.8743991051292483,2939,5169
452,464,1,1,4,0,3,1,1,0.008586056729395638,0.05598405748514215,-2.1653824758563998,2.1308440511763784,0.3302880090068997,4680,5585
453,465,1,1,4,0,4,1,1,-0.22299248974643157,-0.19001489018834755,-1.3476910308688046,0.7430873034169811,0.16516079823971333,5099,5918
454,466,1,1,4,0,5,1,1,-0.7536381876710411,-0.7928340936456615,-1.1069069968554361,1.327506125861611,-0.48190745790612166,4380,4862
455,467,1,1,4,0,6,0,1,-0.48897699169866715,-0.48594431734011984,-1.13056785568912,1.266589505932529,-0.13437228175657823,4746,5409
456,468,1,1,4,0,7,0,1,-0.2454886914040831,-0.21680685478645026,-1.5334983634744965,-0.4543050070640355,0.9965571036140355,5146,6398
457,471,1,1,4,1,3,0,1,0.9573964442903565,0.898713125752741,-0.46597608550771275,1.1942510197667435,0.8928725759230115,5172,6370
458,472,1,1,4,0,4,1,1,0.6543593749019885,0.7976343502235349,-1.658065826157713,1.0514776918079578,0.49157505208182595,5702,6691
459,473,1,1,4,0,5,1,2,-0.1316843771359624,-0.06336196663367923,-0.41378301455105776,-0.29630252412297925,-0.7411187771336817,4020,4367
460,474,1,1,4,0,6,0,1,0.05754837798428495,0.15584501644170734,-0.11245501822796969,-1.5964916307343215,0.21700306208522535,5719,6565
461,475,1,1,4,0,7,0,1,0.21105187164826186,0.2946761057227858,0.45888513184421326,-0.5266434932298204,1.165524482073482,5950,7290
462,477,1,1,4,0,2,1,3,-0.4942702156181145,-0.4737661516137093,1.4387230506038173,1.9557087688802677,-1.1769778102052084,907,1027
463,478,1,1,4,0,3,1,2,-0.9005251514357088,-1.0120410767210481,0.9606345206408572,1.4322065663647199,-1.032971521745453,3019,3214
464,479,1,1,4,0,4,1,1,-0.4029621030076458,-0.3787764589477082,-1.2140767692197678,0.7430873034169811,-0.412784439445439,5115,5633
465,480,1,1,4,0,5,1,1,-0.060225854223421534,0.018231743733270116,-1.3971004713744382,-0.9226015227688528,-0.14973295252561883,5541,6196
466,481,1,1,4,0,6,0,2,0.05754837798428495,0.09860763752757867,0.8910437593653172,-0.18589115050151828,-0.49534804482903216,4551,5026
467,482,1,1,4,0,7,0,1,-0.16344372065264706,-0.09015393123178236,-1.5856914344311517,1.9956853007087278,0.5395771482350779,5219,6233
468,483,1,1,4,0,1,1,2,-0.6027813059667881,-0.5468351459721718,-0.9677254743043562,-0.7798281948100668,0.7431060359248657,3100,4220
469,484,1,1,4,0,2,1,1,-0.15947380271306177,-0.10476773010347452,-0.2892155518678412,-0.9473488996150423,2.872479021283118,4075,6304
470,485,1,1,4,0,3,1,2,-0.12771445919637664,-0.05970851691575641,-0.4082157536490147,-0.24871141480338402,-0.13053211406431808,4907,5572
471,486,1,1,5,0,4,1,2,0.6821488004790873,0.6673279769509438,0.21531746737982327,-0.4466904295729001,-0.15357312021787897,5087,5740
472,487,1,1,5,0,5,1,1,0.4148409925469897,0.4286359287133002,1.1721904349184982,-0.6770313986797413,-0.12669194637205794,5502,6169
473,488,1,1,5,0,6,0,2,0.39234479088933816,0.42498247899537694,0.9717690424449433,-0.7322370854904716,0.05955618670255926,5657,6421
474,489,1,1,5,0,7,0,1,0.758900547311076,0.7525751370358164,0.7428154378484173,-0.359122788424845,0.6451817597722319,5227,6296
475,491,1,1,5,0,2,1,2,0.40557785068795654,0.4834376744821468,0.7748271880351653,-0.5266434932298204,2.691991139746891,4224,6359
476,492,1,1,5,0,3,1,2,0.27060064074204593,0.364091650363325,0.24732921756657222,0.5051317568190049,0.5280566451582973,5265,6273
477,493,1,1,5,0,4,1,2,0.5101190230970446,0.547981952832122,0.3976452619217384,1.3370243477255295,0.009634006703177326,4990,5728
478,494,1,1,5,0,5,1,2,0.47438976164077373,0.5211899882340189,0.8040553077708922,0.32238189703175896,-0.21693588714017142,4097,4717
479,495,1,1,5,0,6,0,1,0.09857086336000274,0.14853811700586125,-0.5327832163322312,1.5673653168323705,0.5626181543886387,5546,6572
480,496,1,1,5,0,7,0,1,0.24810443908439436,0.32512152003881173,-1.8668381099843332,0.5831811761031408,1.1252027213047504,5711,7030
481,498,1,1,5,0,2,1,1,0.67685557655964,0.7172584564292264,-0.36506948165818004,0.43279327065322,2.763034242053704,3946,6118
482,499,1,1,5,0,3,1,2,0.4651266197817411,0.5029227396444035,1.1199973639618432,0.27479078771216375,-0.750719196364332,2501,2843
483,500,1,1,5,0,4,1,2,0.6728856586200542,0.6636745272330206,1.1547927445996133,-0.5571018031943611,-0.20733546790952107,4490,5115
484,501,1,1,5,0,5,1,1,0.8078628685659653,0.7830205513518423,0.4818500830651423,-0.8750104134492573,0.4954152197740861,6433,7424
485,502,1,1,5,0,6,0,1,0.573637710130414,0.6405360123528406,-0.7561695600267146,0.4879989574639503,0.9773562651527348,6142,7384
486,503,1,1,5,0,7,0,1,0.4148409925469897,0.5102296390802495,-0.7332046088057866,-0.6922605536620118,1.5130596582230253,6118,7639
487,506,1,1,5,0,3,1,2,0.6001038297276517,0.5979124323104046,1.2703134083170105,0.5355900667835456,-0.19773504867887068,3729,4359
488,507,1,1,5,0,4,1,2,0.6914119423381204,0.6904664918311233,0.9543713521260584,-0.930216100259988,0.16516079823971333,5254,6073
489,508,1,1,5,0,5,1,2,0.7271412037943908,0.7136050067113031,1.0156112220485332,-1.1377133368934234,0.0633963543948194,4494,5260
490,509,1,1,5,0,6,0,1,0.9084341230354672,0.8487826462744583,0.6126807142631572,-0.2334822598211135,0.6259809213109312,5711,6770
491,510,1,1,5,0,7,0,1,1.043411332981378,0.9754355698291263,0.8242366285407983,-0.6446694443424165,1.3133709382254977,5317,6734
492,514,1,1,5,0,4,1,1,1.2736665734773434,1.251879931818642,0.3892943705686733,1.3294097702343943,0.28228591285364785,4863,5743
493,515,1,1,5,0,5,1,2,0.9163739589146387,0.875574610872561,0.2876918591063853,-0.7246225079993365,0.023074593626087846,6110,6855
494,516,1,1,5,0,6,0,1,1.043411332981378,0.9985740847093061,-0.9447605230834282,0.05206439609645798,0.7047043590022641,6238,7338
495,517,1,1,6,0,7,0,2,0.9031408991160198,0.8560895457103044,0.8819969603994974,0.59269939796706,-0.3839831817534879,3594,4127
496,520,1,1,6,0,3,1,1,0.596133911788066,0.6746348763867899,-0.9851231646232412,1.1942510197667435,0.649021927464492,5927,6998
497,521,1,1,6,0,4,1,2,0.28780361848025054,0.3555669343548377,-0.1068877573259266,0.23481425588370355,0.4512532913130944,6033,7001
498,522,1,1,6,0,5,1,1,0.360585447372653,0.4554278933114029,-0.12150181719379007,-1.4537183027755358,0.5645382382347688,6028,7055
499,523,1,1,6,0,6,0,1,0.6226000313853033,0.6210509471905841,-0.4283970744189212,-0.43146127459062994,0.5856591605421996,6456,7494
500,524,1,1,6,0,7,0,1,0.8766747795187825,0.7939809005056117,-1.1187374262722782,-0.20112030548378876,1.4496968913007329,6248,7736
501,526,1,1,6,0,2,1,1,1.296162775134995,1.1946425529045133,-0.6288184668924766,-0.7322370854904716,2.8628786020524677,4374,6598
502,527,1,1,6,0,3,1,2,1.2644034316183104,1.1715040380243338,-0.28364829096579813,0.21197052341029798,0.5453373997734681,5647,6664
503,528,1,1,6,0,4,1,2,0.899170981176434,0.7939809005056117,1.4241089907359534,0.2976345201855693,-0.491507877136772,4495,4972
504,529,1,1,6,0,5,1,1,0.9124040409750529,0.875574610872561,-0.32401093250561125,1.9404796138979974,0.8448704797697596,6248,7421
505,530,1,1,6,0,6,0,1,0.8713815555993347,0.9559505046668696,-0.4109993841000362,0.7982929902277115,0.8583110666926701,6183,7363
506,531,1,1,6,0,7,0,1,0.8224192343444459,0.8061590662320218,-0.2718178615489562,-0.18589115050151828,1.5937031797604886,6102,7665
507,534,1,1,6,0,3,1,2,0.43733719420464173,0.47125950875573624,1.0385761732694623,-0.20873488297492385,-0.15357312021787897,4446,5099
508,535,1,1,6,0,4,1,1,1.0884037362966814,1.139840807135666,0.4268733816574653,-0.5494872257032261,0.4512532913130944,5857,6825
509,536,1,1,6,0,5,1,1,1.599199844523363,1.544155909252491,-0.2544201712300712,-0.9854217870707185,0.2669252420846073,5339,6211
510,537,2,1,6,0,6,0,1,1.7262372185901027,1.7365709277297756,-0.42282981351687815,-0.9226015227688528,0.08643736054838029,5127,5905
511,538,2,1,6,0,7,0,1,1.5727337249261257,1.563640974414748,-0.3817712643643093,-0.10593808684459827,0.4435729559285741,4859,5823
512,541,2,1,6,0,3,1,1,1.237937312021073,1.1361873574177437,-0.8661229628420678,1.3941336789090437,0.779587629001337,5640,6779
513,542,2,1,6,0,4,1,1,0.7761035250492802,0.7757136519159958,-1.7770660279388866,1.9956853007087278,0.6605424305412725,6365,7442
514,543,2,1,6,0,5,1,1,1.1386893635314328,1.0558114636234348,-1.8696217404353546,1.0286339593345526,0.6605424305412725,6258,7335
515,544,2,1,6,0,6,0,1,1.4192302312621488,1.2677115472629756,-1.4346794824632296,-0.24871141480338402,0.3610093505449809,5958,6879
516,545,2,1,6,0,7,0,1,1.8797407122540801,1.9435997450787517,-0.9732927352063993,-0.328664478460304,0.18436163670101408,4634,5463
517,546,2,1,6,0,1,1,1,1.5039218139733086,1.3407805416214382,-0.19109257846933006,-0.3838701652710347,1.3863341243784406,4232,5687
518,547,2,1,7,0,2,1,1,1.7804927637644399,1.724392762003365,-0.7645204513797793,-0.28868794663184416,1.321051273610018,4110,5531
519,548,2,1,7,0,3,1,1,1.5952299265837773,1.4284633348515927,-1.2634862097254012,0.05206439609645798,0.3283679251607696,5323,6227
520,549,2,1,7,0,4,1,1,1.5899367026643298,1.432116784569516,-0.9503277839854712,-0.8274193041296621,0.6125403343880206,5608,6660
521,551,2,1,7,0,6,0,1,1.8440114507978091,1.790154856925981,-1.1883281875478182,0.036835241114187484,1.2903299320719368,4836,6241
522,552,2,1,7,0,7,0,1,1.847981368737395,1.7365709277297756,-1.2377376280534516,-0.5742346025494157,1.215446662072864,4841,6207
523,553,2,1,7,0,1,1,1,2.029274287978471,2.0556388697617276,-0.9503277839854712,-0.3515082109337096,1.37289353745553,3392,4840
524,554,2,1,7,0,2,1,1,1.8162220252207097,1.966738259958932,-0.3817712643643093,-0.8350338816207975,0.9024729951536619,3469,4672
525,555,2,1,7,0,3,1,2,1.2101478864439736,1.1361873574177437,0.3802475716028534,-0.12878181931800384,0.5088558066969966,5571,6569
526,556,2,1,7,0,4,1,2,1.2644034316183104,1.2019494523403598,0.2702941687875003,-0.5018961163836307,0.4243721174672734,5336,6290
527,557,2,1,7,0,5,1,1,1.2419072299606584,1.1130488425375635,0.03229376522515339,-0.5018961163836307,0.4646938782360049,6289,7264
528,558,2,1,7,0,6,0,1,1.237937312021073,1.139840807135666,-0.6893624292021963,-0.5666200250582802,0.5741386574654191,6414,7446
529,559,2,1,7,0,7,0,2,1.3239522007120943,1.221434517502616,-0.9941699635890616,-1.4061271934559405,1.4938588197617246,5988,7499
530,561,2,1,7,0,2,1,1,1.4007039475440826,1.447948400013849,0.6210316056162224,-0.31153167910524976,2.2791731128289254,4111,6031
531,562,2,1,7,0,3,1,1,1.4959819780941375,1.563640974414748,0.1137149559175353,-0.3438936334425745,0.6816633528487033,5742,6830
532,563,2,1,7,0,4,1,1,1.7937258235630578,1.754838176319391,-0.8549884410379816,-0.9778072095795832,0.3610093505449809,5865,6786
533,564,2,1,7,0,5,1,1,1.6587486136171476,1.6939473476873392,-0.35880631314338124,-0.6846459761708763,0.12675912131711184,4914,5713
534,565,2,1,7,0,6,0,1,1.531711239550408,1.5051857789279777,-0.19665983937137316,-0.328664478460304,0.2976465836226885,5703,6591
535,566,2,1,7,0,7,0,2,0.9666595861493896,0.8865349600263304,1.4999629205262923,0.2271996783925685,0.026914761318347993,5123,5870
536,567,2,1,7,0,1,1,3,0.5868707699290329,0.5029227396444035,1.6474953344304373,0.2824053652032988,1.0195981097675964,3195,4459
537,569,2,1,7,0,3,1,1,1.378207745886431,1.3553943404931303,0.4561015013931922,-0.6694168211886062,0.7719072936168168,5831,6966
538,570,2,1,7,0,4,1,1,1.4271700671413203,1.4552552994496954,0.1833057171930753,0.25956163272989324,0.7815077128474671,6452,7592
539,571,2,1,7,0,5,1,1,1.2829297153363766,1.1361873574177437,-1.2433048889554947,-0.3362790559514394,1.2480880874570752,6790,8173
540,572,2,1,7,0,6,0,1,1.5674405010066783,1.6549772173628259,-0.22240842104332276,1.1942510197667435,0.5818189928499394,5825,6861
541,573,2,1,7,0,7,0,1,1.5952299265837773,1.6245318030468,-0.23702248091118622,-0.4866669614013603,1.0099976905369459,5645,6904
542,574,2,1,7,0,1,1,1,1.4549594927184193,1.4016713702534902,-0.1068877573259266,-0.43146127459062994,2.8820794405137686,4451,6685
543,575,2,1,7,0,2,1,1,1.2696966555377578,1.221434517502616,-0.03381745798660931,-0.2639405697856545,2.7265526489772327,4444,6597
544,576,2,1,7,0,3,1,1,1.318658976792647,1.3249489261771044,0.2793409677533202,-0.4790523839102252,0.5894993282344597,6065,7105
545,577,2,1,7,0,4,1,1,1.224704252222454,1.1897712866139492,0.5256922626687323,-0.328664478460304,0.4512532913130944,6248,7216
546,578,2,1,8,0,5,1,1,1.247200453880106,1.2177810677846928,0.3398849300630403,-0.6370548668512811,0.6547821790028823,6506,7580
547,579,2,1,8,0,6,0,1,1.4364332090003535,1.4589087491676187,0.21531746737982327,-0.7874427723012023,0.4800545490050455,6278,7261
548,580,2,1,8,0,7,0,2,1.509215037892756,1.5551162584062608,0.09631726559865031,0.3147673195406239,1.1424834759199212,5847,7175
549,582,2,1,8,0,2,1,1,1.5277413216108222,1.6050467378845428,0.16590802687419032,1.266589505932529,1.8701952536032191,3757,5464
550,583,2,1,8,0,3,1,2,1.4364332090003535,1.478393814329875,0.17773845629103222,-0.7874427723012023,0.960075510537564,5780,7013
551,584,2,1,8,0,4,1,2,1.3464484023697463,1.4016713702534902,0.5229086322177102,-0.9473488996150423,1.0464792836134174,5995,7273
552,585,2,1,8,0,5,1,2,1.4232001492017345,1.4637800154581828,0.30787317987629237,-1.0253983188991784,1.0176780259214664,6271,7534
553,586,2,1,8,0,6,0,1,1.4549594927184193,1.4138495359798997,-0.05747831682029315,-0.4466904295729001,0.8890324082307514,6090,7286
554,587,2,1,8,0,7,0,2,1.237937312021073,1.221434517502616,0.6064175457483584,0.6079285529493305,0.6375014243877116,4721,5786
555,588,2,1,8,0,1,1,2,1.1108999379543334,1.0399798481791014,0.7254177475295324,0.19483772405524372,2.9070405305134597,4052,6299
556,589,2,1,8,0,2,1,1,1.155892341269637,1.0789499785036143,-0.6837951683001532,-0.8750104134492573,2.782235080515005,4362,6544
557,590,2,1,8,0,3,1,1,1.2644034316183104,1.186117836896026,-0.5794090263868431,-0.6998751311531468,0.9101533305381821,5676,6883
558,591,2,1,8,0,4,1,1,1.296162775134995,1.2750184466988221,0.40390843043653724,-0.2810733691407088,0.7584667066939063,5656,6784
559,592,2,1,8,0,5,1,1,1.1876516847863217,1.1361873574177437,-0.06304557772233622,-0.2734587916495737,0.8928725759230115,6149,7347
560,593,2,1,8,0,6,0,1,1.2564635957391388,1.139840807135666,-0.7617368209287577,-0.6294402893601461,1.1616843143812219,6267,7605
561,594,2,1,8,0,7,0,1,1.2789597973967908,-1.3700791490775137,-0.4026484927469716,0.5127463343101399,1.4400964720700826,5665,7148
562,596,2,1,8,0,2,1,2,0.8038929506263796,0.8292975811122018,0.5778853336253872,-1.3356923516629395,0.9120734143843122,3341,4549
563,597,2,1,8,0,3,1,2,0.8038929506263796,0.7830205513518423,0.7344645464953522,-0.7798281948100668,0.5626181543886387,5504,6530
564,598,2,1,8,0,4,1,1,0.8766747795187825,0.8134659656678683,0.31413634839109017,-1.5089239895862663,0.6682227659257928,5925,7006
565,599,2,1,8,0,5,1,1,0.9759227280084227,0.9401188892225362,0.3371012996120183,-1.541285943923591,0.6931838559254837,6281,7375
566,600,2,1,8,0,6,0,1,1.1294262216723996,1.0326729487432553,0.04969145554403839,-1.3585360841363452,1.2096864105344738,6402,7765
567,601,2,1,8,0,7,0,2,1.1651554831286701,1.0935637773753073,-0.0950573279090847,-1.5184422114501852,1.1367232243815308,6257,7582
568,602,2,1,8,0,1,1,2,0.9441633844917376,0.9206338240602796,0.5862362249784523,0.6802670391151151,2.1044454828310886,4224,6053
569,603,2,1,8,0,2,1,2,0.899170981176434,0.7830205513518423,1.5110974423303785,0.48038437997281525,1.4400964720700826,3772,5255
570,604,2,1,8,0,3,1,1,1.1704487070481175,1.139840807135666,0.7080200572106473,-0.7950573497923373,0.49157505208182595,5928,6917
571,605,2,1,8,0,4,1,1,1.305425916994028,1.2092563517762054,-0.06026194727131469,-0.003141290714272686,0.38789052439080196,6105,7040
572,606,2,1,8,0,5,1,1,1.0698774525786152,1.0253660493074088,-0.5327832163322312,-1.0025545864257728,0.8525508151542799,6520,7697
573,607,2,1,8,0,6,0,1,1.1876516847863217,1.1288804579818972,-0.26625060064691314,-1.4537183027755358,0.8429503959236295,6541,7713
574,608,2,1,8,0,7,0,1,1.4999518960337228,1.351740890775207,-0.28643192141681967,-0.28868794663184416,1.3440922797635788,5917,7350
575,611,2,1,9,0,3,1,1,1.1929449087057695,1.1824643871781026,1.1283482553149085,-0.5095106938747659,2.3655768859047788,4069,6034
576,612,2,1,9,0,4,1,1,1.2921928571954098,1.3359092753308741,0.8792133299484753,0.5755665986120058,0.2573248228539569,5997,6864
577,613,2,1,9,0,5,1,1,1.3504183203093316,1.4710869148940293,0.7831780793882305,-0.04311782254273252,0.1901218882394043,6280,7112
578,614,2,1,9,0,6,0,2,1.133396139611985,1.144712073426231,1.2647461474149673,-0.6218257118690109,-0.2342166417553421,5592,6203
579,615,2,1,9,0,7,0,1,1.1704487070481175,1.15567242258,0.7483826987504604,-0.24871141480338402,0.5990997474651101,6459,7504
580,616,2,1,9,0,1,1,2,0.9309303246931192,0.875574610872561,1.1868044947863623,1.1466599104471484,1.5821826766837082,4419,5976
581,618,2,1,9,0,3,1,1,0.5193821649560778,0.5979124323104046,-0.8689065932930893,0.8611132545295769,0.7392658682326055,6407,7525
582,619,2,1,9,0,4,1,1,0.4876228214393926,0.5284968876698654,-0.7561695600267146,-1.2633538654971548,0.647101843618362,6697,7767
583,620,2,1,9,0,5,1,1,0.6053970536470991,0.6247043969085073,-0.35880631314338124,-0.7569844623366613,0.6087001666957604,6820,7870
584,621,2,1,9,0,6,0,1,0.67685557655964,0.6831595923952772,0.05873825450985877,-1.3832834609825349,0.6163805020802807,6750,7804
585,622,2,1,9,0,7,0,1,0.7906598908277607,0.7708423856254318,0.30508954942527033,-1.1129659600472337,1.240407752072555,6630,8009
586,624,2,1,9,0,2,1,1,0.5008558812380115,0.583298633438712,-0.4082157536490147,-1.2881012423433442,2.7515137389769233,5167,7333
587,625,2,1,9,0,3,1,2,0.5048257991775968,0.5211899882340189,0.7372481769463732,-0.5018961163836307,0.5549378190041184,5847,6869
588,626,2,1,9,0,4,1,2,0.736404345653424,0.5942589825924813,1.6969047749360704,2.1232294736852433,-0.6950367648265598,3702,4073
589,627,2,1,9,0,5,1,1,0.35132230551361987,0.44446754415763357,-0.6399529886965628,0.3071527420494885,0.10563819900968104,6803,7591
590,628,2,1,9,0,6,0,1,0.31956296199693524,0.39453706467935096,-0.0720923766881566,-0.930216100259988,0.39557085977532225,6781,7720
591,629,2,1,9,0,7,0,1,0.6053970536470991,0.6368825626349178,0.2793409677533202,-0.4714378064190898,0.9927169359217753,6917,8167
592,632,3,1,9,0,3,1,1,0.1435632666753063,0.21430021192847723,-0.9447605230834282,-0.6218257118690109,0.5146160582353868,6435,7436
593,633,3,1,9,0,4,1,1,0.3380892457150015,0.46760605903781344,-0.4082157536490147,0.5755665986120058,0.21508297823909528,6693,7538
594,634,3,1,9,0,5,1,1,0.7999230326867938,0.7866740010697651,0.014896074906268392,0.6783633947423316,0.10371811516355096,6946,7733
595,635,3,1,9,0,6,0,2,0.8806446974583678,0.8560895457103044,0.43244064255950837,-0.7246225079993365,0.03459509670286829,6642,7393
596,636,3,1,9,0,7,0,2,0.7139081439957725,0.7209119061471492,0.4268733816574653,-0.3438936334425745,0.5990997474651101,6370,7415
597,638,3,1,9,0,2,1,1,0.21105187164826186,0.3056364548765551,-0.3156600411525466,-0.7170079305082014,2.461581078211282,4874,6889
598,639,3,1,10,0,3,1,2,0.1792925281315772,0.2715375908426063,0.14294307565326222,-1.280486664852209,0.05763610285642918,6015,6778
599,640,3,1,10,0,4,1,3,0.5590813443519335,0.4566457098840441,1.6913375140340272,-1.1053513825560985,-0.8025614602098441,4324,4639
600,641,3,1,10,0,5,1,2,0.9216671828340861,0.802505616514099,1.1492254836975702,-1.5888770532431864,-0.009566831758123416,6844,7572
601,642,3,1,10,0,6,0,2,0.9216671828340861,0.8560895457103044,0.6558269862539924,-0.9378306777511233,0.3034068351610787,6437,7328
602,643,3,1,10,0,7,0,1,0.6914119423381204,0.6868130421132005,-0.008068876314659688,-1.080604005709909,1.503459238992375,6640,8156
603,645,3,1,10,0,2,1,2,-0.3897290432090269,-0.2898758491449127,0.5542244747917033,-0.6370548668512811,0.09219761208677052,2729,3510
604,646,3,1,10,0,3,1,2,-0.5657287385306556,-0.48594431734011984,0.5632712737575233,-0.01837044569654284,0.2707654097768674,4604,5478
605,647,3,1,10,0,4,1,2,-0.22299248974643157,-0.177836724461937,0.9258391400030872,-0.010755868205407764,-0.25341748021664284,5791,6392
606,648,3,1,10,0,5,1,1,0.1435632666753063,0.21795366164640048,0.014896074906268392,-0.04311782254273252,0.09027752824064045,6911,7691
607,649,3,1,10,0,6,0,1,-0.2851878707999393,-0.2204603045043735,-1.1507491764590265,-0.12116724182686876,0.19396205593166446,6736,7570
608,650,3,1,10,0,7,0,1,-0.2719548110013204,-0.20949995535060417,-0.6225552983776778,0.5603374436297353,0.6279010051570613,6222,7282
609,651,3,1,10,0,1,1,1,-0.5114731933563191,-0.46280580245993996,-0.9329300936665862,-0.5742346025494157,2.9166409497441097,4857,7109
610,652,3,1,10,1,2,0,1,0.18458575205102457,0.24839907596242644,0.08170320573078735,1.116201600482608,2.586386528209737,4559,6639
611,653,3,1,10,0,3,1,2,0.40160793274837125,0.4371606447217875,0.5486572138896603,1.3370243477255295,0.05187585131803896,5115,5875
612,654,3,1,10,0,4,1,1,-0.10521825753872509,-0.04022345175349978,-0.4896369443413966,-0.11355266433573334,0.36292943439111097,6612,7534
613,655,3,1,10,0,5,1,1,-0.1727068625116802,-0.10476773010347452,0.44705470242737233,-1.1453279143845585,0.47237421362052523,6482,7461
614,656,3,1,10,0,6,0,2,0.18855566999061033,0.2751910405605292,0.6934059973427834,0.5831811761031408,0.5280566451582973,6501,7509
615,657,3,1,10,0,7,0,2,0.4108710746074044,0.4286359287133002,1.2967578976017153,-0.7170079305082014,0.03843526439512844,4671,5424
616,659,3,1,10,0,2,1,1,-0.12771445919637664,-0.06701541635160248,-0.8257603213022546,-0.31914625659638485,2.686230888208501,4692,6824
617,660,3,1,10,0,3,1,1,-0.0006770851296374879,0.09495418780965542,-0.4200461830658566,-1.3985126159648054,0.18628172054714415,6228,7058
618,661,3,1,10,0,4,1,1,0.30632990219831635,0.38357671552558165,0.09075000469660723,-1.2328955555326138,0.20740264285457496,6625,7466
619,662,3,1,10,0,5,1,1,0.5418783666137293,0.5565066688406093,0.052475085995059935,-1.5089239895862663,0.11907878593259155,6898,7693
620,663,3,1,10,0,6,0,2,0.3380892457150015,0.3787054492350176,1.1951553861394273,-0.8521666809758518,0.2726854936229975,6484,7359
621,664,3,1,10,0,7,0,2,0.31559304405734945,0.3372996857652223,1.2417811961940384,-0.7474662404727421,0.8621512343849302,6262,7444
622,666,3,1,10,0,2,1,2,-0.05493263030397417,0.002400128288936739,0.45888513184421326,2.639117098709656,0.5088558066969966,3461,4459
623,667,3,1,10,0,3,1,3,-0.258721751202702,-0.17052982502609093,1.7490978458927253,2.1308440511763784,-1.4035477040485573,20,22
624,668,3,1,10,0,4,1,2,-0.9190514351537749,-0.9584571475248426,1.3698281969410322,0.27859807645773127,-1.240340577127501,1009,1096
625,669,3,1,10,0,5,1,2,-0.7059991723960138,-0.646696104928737,0.2647269078854572,-0.31153167910524976,-0.6028727402123163,5147,5566
626,670,3,1,11,0,6,0,2,-0.6610067690807103,-0.593112175732531,-0.3267945629566328,-0.43146127459062994,-0.5126287994442028,5520,5986
627,671,3,1,11,0,7,0,1,-0.7192322321946325,-0.6783593358174037,-0.7415555001588512,0.9562954731687674,-0.22077605483243157,5229,5847
628,672,3,1,11,0,1,1,2,-0.7827509192280023,-0.8744278040126108,-0.95659095250027,1.0134048043522819,0.5683784059270289,4109,5138
629,673,3,1,11,0,2,1,1,-0.878028949778057,-0.8391111234060208,-0.6663974779812681,-0.15352919616419353,0.8986328274614017,3906,5107
630,674,3,1,11,0,3,1,1,-0.9137582112343274,-0.970635313251253,-0.9357137241176078,0.5755665986120058,-0.6815961779036493,4881,5259
631,675,3,1,11,0,4,1,1,-1.1228405560525028,-1.1313871008398702,-0.4283970744189212,-0.22396403795719433,-0.5126287994442028,5220,5686
632,676,3,1,11,0,5,1,2,-1.0407955853010669,-1.1740106808823063,-0.5647949665189796,1.441724788228639,-0.7814405379024132,4709,5035
633,677,3,1,11,0,6,0,1,-0.7351119039529751,-0.7648243124749176,-2.0540372578155357,1.9975889450815119,-0.7545593640565922,4975,5315
634,678,3,1,11,0,7,0,1,-0.6835029707383621,-0.682012785535327,-0.6114207765735916,0.2995381645583534,-0.04604842483459483,5283,5992
635,679,3,1,11,0,1,1,1,-0.5339693950139707,-0.4469741870156066,0.11649858636855735,-1.699288426864647,2.605587366671038,4446,6536
636,681,3,1,11,0,3,1,1,-0.013910144928255904,0.04867715804929608,0.7866576174520072,-0.22396403795719433,0.6989441074638739,5172,6269
637,682,3,1,11,0,4,1,2,-0.7827509192280023,-0.878081253730534,0.23828241860075233,1.9252504589157273,-0.7795204540562831,3767,4094
638,683,3,1,11,0,5,1,1,-1.0765248467573374,-1.1313871008398702,-0.5327832163322312,0.10727008290718831,-0.6911965971342997,5122,5495
639,684,3,1,11,0,6,0,2,-0.9005251514357088,-0.870774354294688,-0.05747831682029315,-0.4866669614013603,-0.7929610409791937,5125,5445
640,685,3,1,11,0,7,0,1,-0.774811083348831,-0.7319432650136095,-0.7241578098399662,-0.2563259922945191,-0.4780672902138615,5214,5698
641,686,3,1,11,0,1,1,1,-0.8833221736975044,-0.8585961885682775,-0.5794090263868431,-0.14591461867305844,1.11368221822797,4316,5629
642,687,3,1,11,0,2,1,1,-0.7880441431474499,-0.7891806439277382,0.44705470242737233,0.46515522499054474,0.36292943439111097,3747,4669
643,688,3,1,11,0,3,1,2,-0.5802851043091363,-0.5590133116985819,-0.037296996050386604,0.5603374436297353,-0.5452702248284141,5050,5499
644,689,3,1,11,0,4,1,2,-0.6160143657654067,-0.5285678973825559,0.3920780010196953,-1.3832834609825349,-0.3820630979073578,5100,5634
645,690,3,1,11,0,5,1,1,-0.7284953740536656,-0.6247754066211983,-0.10340821926214931,-1.120580537538369,-0.2265363063708218,4531,5146
646,691,3,1,11,0,6,0,1,-0.8012772029460685,-0.712458199851353,-0.3358413619224531,-1.7640123355392965,0.42629220131340345,1470,2425
647,692,3,1,11,0,7,0,1,-0.6477737092820917,-0.5395282465363253,-0.4165666450020793,-0.5494872257032261,1.6705065336056915,2307,3910
648,693,3,1,11,0,1,1,1,-1.1360736158511215,-1.3311090187530004,-1.5592469451464461,2.3687995977743546,-0.38590326559961796,1745,2277
649,694,3,1,11,0,2,1,1,-1.3120733111727503,-1.2775250895567947,-1.1159537958212566,-0.519028915738685,-0.8140819632866245,2115,2424
650,695,3,1,11,0,3,1,1,-0.9455175547510123,-0.7818737444918922,-0.6489997876623831,-1.8420617548234328,-0.7603196155949824,4750,5087
651,696,3,1,11,0,4,1,2,-1.0632917869587186,-1.1313871008398702,1.0998160431919373,0.59269939796706,-1.1712175586668183,3836,3959
652,697,3,1,11,1,5,0,1,-1.0368256673614813,-1.0814566213615875,-0.8522048105869601,0.25194705523875816,-1.0272112702070628,5062,5260
653,698,3,1,11,0,6,0,1,-1.1215172500726411,-1.0290905087380229,-0.5077305422730368,-0.9644816989700965,-0.9408074971312094,5080,5323
654,699,3,1,11,0,7,0,1,-1.027562525502448,-0.8744278040126108,0.1457267061042833,-1.691673849373512,-0.7123175194417306,5306,5668
655,700,3,1,12,0,1,1,2,-1.027562525502448,-0.9158335674824063,1.2389975657430172,-1.6764446943912414,0.4186118659288831,4240,5191
656,701,3,1,12,0,2,1,2,-0.7602547175703506,-0.658874270655147,1.3545182294604134,-0.8521666809758518,0.30532691900720876,3757,4649
657,702,3,1,12,0,3,1,1,-0.19123314622974644,-0.07066886606952574,0.9662017815429003,-1.3832834609825349,-0.34174133713862626,5679,6234
658,703,3,1,12,0,4,1,1,-0.06419577216300683,0.009707027724782814,0.7316809160443302,-0.21634946046605927,-0.34942167252314654,6055,6606
659,704,3,1,12,0,5,1,1,-0.2679848930617351,-0.23994536966663013,-0.9997372244911047,1.6949094898088861,-0.7718401186717628,5398,5729
660,705,3,1,12,0,6,0,1,-1.2578177659984136,-1.2738716398388716,-0.8341112126553193,-0.20873488297492385,-0.7545593640565922,5035,5375
661,706,3,1,12,0,7,0,2,-0.9058183753551562,-0.8853881531663802,0.9432368303219723,-0.7722136173189318,-0.7372786094414215,4659,5008
662,707,3,1,12,0,1,1,2,-0.5749918803896887,-0.4737661516137093,1.9662210210724105,-1.1453279143845585,0.8064688028471582,4429,5582
663,708,3,1,12,0,2,1,2,-0.5617588205910701,-0.470112701895786,1.9258583795325974,-0.4238466970994945,-0.5606308955974547,2787,3228
664,709,3,1,12,0,3,1,2,-0.28121795286035356,-0.1936683399062704,2.062256271632655,-0.010755868205407764,-0.775680286364023,4841,5170
665,710,3,1,12,0,4,1,2,-0.7284953740536656,-0.785527194209815,-0.22240842104332276,1.3370243477255295,-0.8659242271321365,5219,5501
666,711,3,1,12,0,5,1,2,-1.0315324434420339,-1.035179591601228,-0.6288184668924766,-0.359122788424845,-0.8121618794404944,5009,5319
667,712,3,1,12,0,6,0,1,-1.0407955853010669,-1.0546646567634845,-0.9941699635890616,-0.21634946046605927,-0.5913522371355359,5107,5532
668,713,3,1,12,0,7,0,1,-1.1175473321330553,-1.0546646567634845,0.09910089604967234,-0.7645990398277966,-0.5836719017510156,5182,5611
669,714,3,1,12,0,1,1,1,-0.8872920916370901,-0.785527194209815,0.15129396700632736,-1.080604005709909,0.06531643824094947,4280,5047
670,715,3,1,12,0,2,1,2,-0.6795330527987765,-0.593112175732531,1.4623839094375002,-1.1529424918756939,-0.37438276252283753,3248,3786
671,716,3,1,12,0,3,1,2,-0.5114731933563191,-0.40069715725524724,1.9376888089494382,-1.1853044462130184,-1.0003300963612416,4373,4585
672,717,3,1,12,0,4,1,1,-0.41751846878612625,-0.35076667777696463,0.26124736982168045,0.3852021613336247,-0.5759915663664953,5124,5557
673,718,3,1,12,0,5,1,1,-0.8422996883217864,-0.7623886793296355,-0.022682936182523147,-0.09070893186232777,-0.7679999509795027,4934,5267
674,719,3,1,12,0,6,0,2,-0.8555327481204053,-0.8050122593720715,0.2730777992385223,-0.7474662404727421,-0.8044815440559742,3814,4128
675,720,4,1,12,0,7,0,2,-0.8740590318384712,-1.0083876270031251,-0.5007714661454827,2.3364376434370295,-0.9830493417460711,3402,3623
676,721,4,1,12,0,1,1,1,-1.2035622208240768,-1.4078314628293858,-1.30454475887797,2.757143049822252,-1.0137706832841522,1544,1749
677,722,4,1,12,0,2,1,1,-1.3120733111727503,-1.2665647404030254,-0.7881813102134632,-0.739851662981607,-0.6239936625197472,1379,1787
678,723,4,1,12,0,3,1,2,-1.3914716699644623,-1.2702181901209486,1.131827793378685,-1.4537183027755358,-1.0732932825141845,746,920
679,724,4,1,12,1,4,0,2,-1.0659383989184426,-1.0534468401908434,0.7386399921718848,-0.2867843022590601,-0.5625509794435848,573,1013
680,725,4,1,12,0,5,1,3,-1.3253063709713688,-1.5040389720680278,1.3545182294604134,1.5997272711696957,-1.3901071171256467,432,441
681,726,4,1,12,0,6,0,2,-1.2670809078574468,-1.4662866583161556,0.16869165732521235,2.028047255046053,-0.9331271617466891,1867,2114
682,727,4,1,12,0,7,0,2,-1.271050825797032,-1.293356705001128,-0.2690342310979347,-0.4543050070640355,-0.17085387483304965,2451,3095
683,728,4,1,12,0,1,1,2,-1.271050825797032,-1.3700791490775137,0.8645992700806123,-0.8521666809758518,-1.1020945402061357,1182,1341
684,729,4,1,12,0,2,1,1,-1.2578177659984136,-1.4358412440001296,-1.0115676539079466,2.035661832537188,-0.7084773517494705,1432,1796
685,730,4,1,12,0,3,1,2,-1.4748399466957602,-1.4857717234784122,-0.3560226826923597,-0.4638232289279547,-0.5644710632897149,2290,2729
